source,category,sub_category,product_name,product_link,price,brand,item_weight
noon,grocery,sauces,Hot Ketchup Sauce 500 grams,https://www.noon.com/egypt-en/hot-ketchup-sauce-500-grams/ZC33C4067598D3F55F67CZ/p/?o=zc33c4067598d3f55f67cz-1,55.5,GIARDINO,500g  |  EGP 11.10/100g
noon,grocery,sauces,Salsa dip Hot 310grams,https://www.noon.com/egypt-en/salsa-dip-hot-310grams/N51413313A/p/?o=de2ec7651cb1849c,132.5,Poco Loco,310g  |  EGP 42.74/100g
noon,grocery,sauces,Cheezy Sauce - 200 Gram,https://www.noon.com/egypt-en/cheezy-sauce-200-gram/Z2F5AF3E20963CD937C4BZ/p/?o=z2f5af3e20963cd937c4bz-1,75,Good France,200g  |  EGP 37.50/100g
noon,grocery,sauces,Sweet Chilli Sauce 725ml  Single,https://www.noon.com/egypt-en/sweet-chilli-sauce-725ml-single/N42868027A/p/?o=ab76435a6e57c66c,186.75,Flying Goose,725ml  |  EGP 25.76/100ml
noon,grocery,sauces,Signature Dark soy sauce- 500 ml,https://www.noon.com/egypt-en/signature-dark-soy-sauce-500-ml/ZD67FEF42C587F080844DZ/p/?o=zd67fef42c587f080844dz-1,171,Haday,500ml  |  EGP 34.20/100ml
noon,grocery,sauces,Big Burger Sauce 400grams,https://www.noon.com/egypt-en/big-burger-sauce-400grams/N47697076A/p/?o=acb62b06c301bd7d,89.75,Good France,400g  |  EGP 22.44/100g
noon,grocery,sauces,Hot Ketchup 400grams,https://www.noon.com/egypt-en/hot-ketchup-400grams/N47697075A/p/?o=cc1d11649cceeaaf,52.25,Good France,400g  |  EGP 13.06/100g
noon,grocery,sauces,Mayo smoked mayonnaise sauce 380 g,https://www.noon.com/egypt-en/mayo-smoked-mayonnaise-sauce-380-g/Z86698748D6B2C9CBC1BEZ/p/?o=b49b4efa50f76ccb,120,Durra,380g  |  EGP 31.58/100g
noon,grocery,sauces,Texas Burger Sauce 200grams,https://www.noon.com/egypt-en/texas-burger-sauce-200grams/N47697080A/p/?o=a81a444418c4df7a,51,Good France,200g  |  EGP 25.50/100g
noon,grocery,sauces,Happy Kitchen Tomato Puree 500ml,https://www.noon.com/egypt-en/happy-kitchen-tomato-puree-500ml/N28727633A/p/?o=f9cc8b5ea66d2baa,38,Juhayna,500ml  |  EGP 7.60/100ml
noon,grocery,sauces,Ketchup Bottle 400grams,https://www.noon.com/egypt-en/ketchup-bottle-400grams/N30328294A/p/?o=a6a7048f6afcb9be,37.95,Good France,400g  |  EGP 9.49/100g
noon,grocery,sauces,Ranch Dressing 400grams,https://www.noon.com/egypt-en/ranch-dressing-400grams/N48704761A/p/?o=c2740844ecf669bd,79.25,Good France,400g  |  EGP 19.81/100g
noon,grocery,sauces,Harissa Cooking Paste 190grams,https://www.noon.com/egypt-en/harissa-cooking-paste-190grams/N43440632A/p/?o=a79b831bc5c45f6a,28,Wadi Food,190g  |  EGP 14.74/100g
noon,grocery,sauces,Vanilla Food Liquid 100ml,https://www.noon.com/egypt-en/vanilla-food-liquid-100ml/N49538629A/p/?o=c6c8dbf823e4bf1a,72,DOBELLA,100ml  |  EGP 72.00/100ml
noon,grocery,sauces,Texas Spicy Sauce 400 grams,https://www.noon.com/egypt-en/texas-spicy-sauce-400-grams/Z6E9582A48CF5B3E79ADFZ/p/?o=z6e9582a48cf5b3e79adfz-1,150,Good France,400g  |  EGP 37.50/100g
noon,grocery,sauces,Mayonnaise Sandwich Bottle 400grams,https://www.noon.com/egypt-en/mayonnaise-sandwich-bottle-400grams/N30328292A/p/?o=ad79dc4b78039f1a,63.25,Good France,400g  |  EGP 15.81/100g
noon,grocery,sauces,Caramel Sauce Squeeze - 480Gm,https://www.noon.com/egypt-en/caramel-sauce-squeeze-480gm/Z53D2FF11CD6DBA8D14A1Z/p/?o=z53d2ff11cd6dba8d14a1z-1,120,ASMACUP,480g  |  EGP 25.00/100g
noon,grocery,sauces,Pistachio Cream Sauce 500Gm,https://www.noon.com/egypt-en/pistachio-cream-sauce-500gm/Z8E12CCE9D781B466D0E1Z/p/?o=z8e12cce9d781b466d0e1z-1,299,ASMACUP,480g  |  EGP 62.29/100g
noon,grocery,sauces,Worcestershire Sauce 500ml,https://www.noon.com/egypt-en/worcestershire-sauce-500ml/N49538600A/p/?o=b1c05868af01f24f,325,Heinz,500ml  |  EGP 65.00/100ml
noon,grocery,sauces,Bbq Sauce 2.25kg,https://www.noon.com/egypt-en/bbq-sauce-2-25kg/N47961278A/p/?o=ade8285ebad3f87c,145,Lavida,2.25kg  |  EGP 6.44/100g
noon,grocery,sauces,"Indofood Sweet Soy Sauce (Kecap Manis), Rich & Thick Glaze, Authentic Flavour, 140ml Bottle",https://www.noon.com/egypt-en/indofood-sweet-soy-sauce-kecap-manis-rich-thick-glaze-authentic-flavour-140ml-bottle/Z53E159738DC0AE233868Z/p/?o=b220a5510e8cbcba,324,Indofood,140ml  |  EGP 2.31/100ml
noon,grocery,sauces,1000 Island Dressing 400grams,https://www.noon.com/egypt-en/1000-island-dressing-400grams/N48704751A/p/?o=be5daef12aa7337c,61.5,Good France,400g  |  EGP 15.38/100g
noon,grocery,sauces,Mustard Sauce - Diet Sauce 76 grams,https://www.noon.com/egypt-en/mustard-sauce-diet-sauce-76-grams/Z5329E370DBE0469D40F5Z/p/?o=z5329e370dbe0469d40f5z-1,44.75,Naturesta,76g  |  EGP 58.88/100g
noon,grocery,sauces,Classic Mayonnaise -250ml,https://www.noon.com/egypt-en/classic-mayonnaise-250ml/Z6391157412012A5BCD22Z/p/?o=z6391157412012a5bcd22z-1,37.75,Dixie Mills,250ml  |  EGP 15.10/100ml
noon,grocery,sauces,B.B.Q Sauce 200grams,https://www.noon.com/egypt-en/b-b-q-sauce-200grams/N47697079A/p/?o=bcdcefc5a21b2e1e,33.25,Good France,200g  |  EGP 16.62/100g
noon,grocery,sauces,Dates Syrup 450grams,https://www.noon.com/egypt-en/dates-syrup-450grams/ZBFE115D7B610BBD28DB5Z/p/?o=zbfe115d7b610bbd28db5z-1,91.5,Imtenan,450g  |  EGP 20.33/100g
noon,grocery,sauces,BBQ  Sauce 430 gm,https://www.noon.com/egypt-en/bbq-sauce-430-gm/ZC0CF6795DB28E0F98D59Z/p/?o=zc0cf6795db28e0f98d59z-1,52,Lavida,430g  |  EGP 12.09/100g
noon,grocery,sauces,Mocha Syrup - 170 grams,https://www.noon.com/egypt-en/mocha-syrup-170-grams/Z10CBE1DEA9BA65D0759DZ/p/?o=z10cbe1dea9ba65d0759dz-1,48.25,Magic Moments,170g  |  EGP 28.38/100g
noon,grocery,sauces,Hot sauce 175ml,https://www.noon.com/egypt-en/hot-sauce-175ml/Z5431ACE9D6C17A1A7C95Z/p/?o=c9c1b97091d79fcd,31,Durra,175ml  |  EGP 0.18/100ml
noon,grocery,sauces,Guilt Free Ketchup - Zero Added Sugar-350Ml,https://www.noon.com/egypt-en/guilt-free-ketchup-zero-added-sugar-350ml/Z19E85CDD9F1A4BA5F7DDZ/p/?o=z19e85cdd9f1a4ba5f7ddz-1,120,Organic Nation,350ml  |  EGP 34.29/100ml
noon,grocery,sauces,Natural Mayonnaise 3.29kg,https://www.noon.com/egypt-en/natural-mayonnaise-3-29kg/N34976231A/p/?o=bb2900ad54f9277a,470.25,GIARDINO,3.29kg  |  EGP 14.29/100g
noon,grocery,sauces,Mayonnaise Sandwich 200grams,https://www.noon.com/egypt-en/mayonnaise-sandwich-200grams/N47697078A/p/?o=c7f12784a96e93fa,33.75,Good France,200g  |  EGP 16.88/100g
noon,grocery,sauces,Tomato Ketchup Bucket - 10 kg,https://www.noon.com/egypt-en/tomato-ketchup-bucket-10-kg/Z5319523EAF7374F5E56EZ/p/?o=z5319523eaf7374f5e56ez-1,460.25,Add-Me,10kg  |  EGP 4.60/100g
noon,grocery,sauces,Superior Oyster sauce- 700 Gram,https://www.noon.com/egypt-en/superior-oyster-sauce-700-gram/Z91AB26A09CCEB2C2ECFAZ/p/?o=z91ab26a09cceb2c2ecfaz-1,135.25,Haday,700g  |  EGP 19.32/100g
noon,grocery,sauces,Texas Burger Sauce 400grams,https://www.noon.com/egypt-en/texas-burger-sauce-400grams/N30328298A/p/?o=f8c31f75eb5146dd,109.25,Good France,400g  |  EGP 27.31/100g
noon,grocery,sauces,"Al Safi Pure Sesame Tahini – 3kg | Smooth & Rich Tahina for Cooking, Sauces & Dips",https://www.noon.com/egypt-en/al-safi-pure-sesame-tahini-3kg-smooth-rich-tahina-for-cooking-sauces-dips/ZFFD14FDFA7819AFDBD14Z/p/?o=zffd14fdfa7819afdbd14z-1,700,ARKAN,3kg  |  EGP 23.33/100g
noon,grocery,sauces,Ranch Sauce 370 ml,https://www.noon.com/egypt-en/ranch-sauce-370-ml/ZE13395EFDEF9F6060020Z/p/?o=ze13395efdef9f6060020z-1,94.95,Add-Me,370ml  |  EGP 25.66/100ml
noon,grocery,sauces,Buttermilk Ranch 400 grams,https://www.noon.com/egypt-en/buttermilk-ranch-400-grams/ZA6124B556F5CD398A940Z/p/?o=za6124b556f5cd398a940z-1,104.25,Good France,400g  |  EGP 26.06/100g
noon,grocery,sauces,Sriracha Hot Chilli Sauce 730ml  Single,https://www.noon.com/egypt-en/sriracha-hot-chilli-sauce-730ml-single/N42868019A/p/?o=d025bd4f360062ab,421,Flying Goose,730ml  |  EGP 57.67/100ml
noon,grocery,sauces,Sweet Chili Sauce 400grams,https://www.noon.com/egypt-en/sweet-chili-sauce-400grams/N48704759A/p/?o=b459aa20186e84fc,58.25,Good France,400g  |  EGP 14.56/100g
noon,grocery,sauces,Dark Soya Sauce 330ml  Single,https://www.noon.com/egypt-en/dark-soya-sauce-330ml-single/N42868076A/p/?o=e870d6c0149e656d,30.25,Thio,330ml  |  EGP 9.17/100ml
noon,grocery,sauces,Hot Ketchup 200 grams,https://www.noon.com/egypt-en/hot-ketchup-200-grams/ZDDFD62E496B8D17CBCE8Z/p/?o=zddfd62e496b8d17cbce8z-1,24.5,Good France,200g  |  EGP 12.25/100g
noon,grocery,sauces,Sedjet Aged Habanero Pepper Sauce,https://www.noon.com/egypt-en/sedjet-aged-habanero-pepper-sauce/Z515EFECDD0D9C465611DZ/p/?o=z515efecdd0d9c465611dz-1,145,Sedjet,140ml  |  EGP 103.57/100ml
noon,grocery,sauces,Strained Tomatoes 100% Italian 690grams,https://www.noon.com/egypt-en/strained-tomatoes-100-italian-690grams/N42868018A/p/?o=f939d4c390f8488d,121.25,Granoro,690g  |  EGP 17.57/100g
noon,grocery,sauces,Tomato paste double concentrated 400g,https://www.noon.com/egypt-en/tomato-paste-double-concentrated-400g/Z2B41AC77CE76545A8BC8Z/p/?o=c471e2c35892262d,61,Durra,400g  |  EGP 0.15/100g
noon,grocery,sauces,"Indofood Sumatra Hot Sauce – 140ml | Spicy Condiment with Authentic Sumatra Flavor | Perfect for Cooking, Dipping & Adding Heat to Your Meals",https://www.noon.com/egypt-en/indofood-sumatra-hot-sauce-140ml-spicy-condiment-with-authentic-sumatra-flavor-perfect-for-cooking-dipping-adding-heat-to-your-meals/Z5A3E282F9B6BF0A17A16Z/p/?o=c8c6a69551a8487f,199,Indofood,140ml  |  EGP 1.42/100ml
noon,grocery,sauces,Grenadine Molasse 750ml,https://www.noon.com/egypt-en/grenadine-molasse-750ml/N12281277A/p/?o=ac0548f81d76cb3d,355,Yamama,750ml  |  EGP 47.33/100ml
noon,grocery,sauces,Hot Sauce 474ml,https://www.noon.com/egypt-en/hot-sauce-474ml/N29012990A/p/?o=d82847492fc501ab,72.75,Rana,474ml  |  EGP 15.35/100ml
noon,grocery,sauces,Hot Sauce 100ml,https://www.noon.com/egypt-en/hot-sauce-100ml/N29012988A/p/?o=f17c34d29fe41d1b,20.5,Rana,100ml  |  EGP 20.50/100ml
noon,grocery,sauces,Chocolate Sauce premium-750 Gm Asmacup,https://www.noon.com/egypt-en/chocolate-sauce-premium-750-gm-asmacup/Z956125814A1D52280B04Z/p/?o=e295f6557cd1aebb,170,ASMACUP,750g  |  EGP 22.67/100g
noon,grocery,sauces,caramel premium  Sauce 750 Gm,https://www.noon.com/egypt-en/caramel-premium-sauce-750-gm/ZADFBAE12B57F6F7CD156Z/p/?o=fa228dabf5fb19ed,199,ASMACUP,750g  |  EGP 26.53/100g
noon,grocery,sauces,Saegh Pomegranate Molasses 350g Squeeze,https://www.noon.com/egypt-en/saegh-pomegranate-molasses-350g-squeeze/Z64C85D2F28170CAFD61BZ/p/?o=b60fbbdabb2adbbb,83,Saegh,350g  |  EGP 23.71/100g
noon,grocery,sauces,Ketchup 340 grams,https://www.noon.com/egypt-en/ketchup-340-grams/Z63F5275FEB31A433A703Z/p/?o=z63f5275feb31a433a703z-1,210,HEALTHY & TASTY,340g  |  EGP 61.76/100g
noon,grocery,sauces,Hot Chili Sauce And Lemon - Diet Sauce 79 grams,https://www.noon.com/egypt-en/hot-chili-sauce-and-lemon-diet-sauce-79-grams/Z357479F3AB575CA399FDZ/p/?o=z357479f3ab575ca399fdz-1,81,Naturesta,79g  |  EGP 102.53/100g
noon,grocery,sauces,Soy Sauce 500ml,https://www.noon.com/egypt-en/soy-sauce-500ml/N28676071A/p/?o=e52bf2b0797a42aa,240,Yamama,500ml  |  EGP 48.00/100ml
noon,grocery,sauces,"Pomegranate Molasses, 540 gm",https://www.noon.com/egypt-en/pomegranate-molasses-540-gm/Z50551254B0295508F03BZ/p/?o=z50551254b0295508f03bz-1,147,Lavida,540g  |  EGP 27.22/100g
noon,grocery,sauces,Light Soya Sauce 640ml single,https://www.noon.com/egypt-en/light-soya-sauce-640ml-single/N41989243A/p/?o=a3e9d55bba8be9de,313,Tai Hua,640ml  |  EGP 48.91/100ml
noon,grocery,sauces,Thousand Island Dressing - 200 grams,https://www.noon.com/egypt-en/thousand-island-dressing-200-grams/Z6D55E90EE62C0C023581Z/p/?o=z6d55e90ee62c0c023581z-1,52,Good France,200g  |  EGP 26.00/100g
noon,grocery,sauces,Original Tomato Sauce-Diet Sauce 300 gm,https://www.noon.com/egypt-en/original-tomato-sauce-diet-sauce-300-gm/Z7ADE748AA67D9B6298F6Z/p/?o=z7ade748aa67d9b6298f6z-1,118,Naturesta,300g  |  EGP 39.33/100g
noon,grocery,sauces,Melting Cheese Sauce 400 grams,https://www.noon.com/egypt-en/melting-cheese-sauce-400-grams/Z5FA905FE9170D99337E2Z/p/?o=z5fa905fe9170d99337e2z-1,126,Good France,400g  |  EGP 31.50/100g
noon,grocery,sauces,Mustard Sauce 150 grams,https://www.noon.com/egypt-en/mustard-sauce-150-grams/Z8CC025E5AB0A27AF071CZ/p/?o=z8cc025e5ab0a27af071cz-1,30.25,Chefy Mix,150g  |  EGP 20.17/100g
noon,grocery,sauces,Texas Burger Sauce 260g,https://www.noon.com/egypt-en/texas-burger-sauce-260g/Z5CCB18F710B014A472E7Z/p/?o=z5ccb18f710b014a472e7z-1,44,Daria,260g  |  EGP 16.92/100g
noon,grocery,sauces,Grenadine Molasse 300ml,https://www.noon.com/egypt-en/grenadine-molasse-300ml/N12281278A/p/?o=c2bb0ff171043b8a,153.75,Yamama,300ml  |  EGP 51.25/100ml
noon,grocery,sauces,Extra Hot Hot Sauce - Diet Sauce 79 grams,https://www.noon.com/egypt-en/extra-hot-hot-sauce-diet-sauce-79-grams/Z7AD985F2DD0235501F85Z/p/?o=z7ad985f2dd0235501f85z-1,81,Naturesta,79g  |  EGP 102.53/100g
noon,grocery,sauces,Sriracha Mayonnaise Sauce 730ml,https://www.noon.com/egypt-en/sriracha-mayonnaise-sauce-730ml/N42868021A/p/?o=e21c5b791bc733dc,428,Flying Goose,730ml  |  EGP 58.63/100ml
noon,grocery,sauces,Pasta Sauce - 300 Gram,https://www.noon.com/egypt-en/pasta-sauce-300-gram/ZCB612918EA4E18E5D70EZ/p/?o=zcb612918ea4e18e5d70ez-1,187,Naturesta,300g  |  EGP 62.33/100g
noon,grocery,sauces,Yellow Food Coloring 30ml,https://www.noon.com/egypt-en/yellow-food-coloring-30ml/N49538620A/p/?o=b62f3669088c0b6c,28,DOBELLA,30ml  |  EGP 93.33/100ml
noon,grocery,sauces,Natural Tahini - 500 gm - No Additives or Preservatives,https://www.noon.com/egypt-en/natural-tahini-500-gm-no-additives-or-preservatives/Z48728B4AEFD5A2957073Z/p/?o=ddca0222065f5bbe,155,Alloloa,500g  |  EGP 31.00/100g
noon,grocery,sauces,"Mustard Squeeze , 540 gm",https://www.noon.com/egypt-en/mustard-squeeze-540-gm/Z78E758DB8F719E41B35BZ/p/?o=z78e758db8f719e41b35bz-1,64,Lavida,540g  |  EGP 11.85/100g
noon,grocery,sauces,lemon juice substitute 1000ml,https://www.noon.com/egypt-en/lemon-juice-substitute-1000ml/N46494151A/p/?o=a416a0b165ff7c2c,84.25,Fersan,1000ml  |  EGP 8.42/100ml
noon,grocery,sauces,Coconut Syrup 250ml,https://www.noon.com/egypt-en/coconut-syrup-250ml/N52160844A/p/?o=e53da6ecfc8c2d8d,270.75,Monin,250ml  |  EGP 108.30/100ml
noon,grocery,sauces,Mustard Honey 266 Gram,https://www.noon.com/egypt-en/mustard-honey-266-gram/Z629D4FD685EE12B0C4F8Z/p/?o=z629d4fd685ee12b0c4f8z-1,108.5,Naturesta,266g  |  EGP 40.79/100g
noon,grocery,sauces,Mayonnaise Classic 400grams,https://www.noon.com/egypt-en/mayonnaise-classic-400grams/N30328291A/p/?o=cd4817d5dcfcc65e,61,Good France,400g  |  EGP 15.25/100g
noon,grocery,sauces,Cherry Tomato With Basil Ready Sauce 330grams,https://www.noon.com/egypt-en/cherry-tomato-with-basil-ready-sauce-330grams/N43894896A/p/?o=b80cd51956f82e0c,183.25,Agromonte,330g  |  EGP 55.53/100g
noon,grocery,sauces,Pizza Sauce Tomato with Olive Oil - 300 Gram,https://www.noon.com/egypt-en/pizza-sauce-tomato-with-olive-oil-300-gram/Z97D228D8A7FA0445855FZ/p/?o=z97d228d8a7fa0445855fz-1,195,Naturesta,300g  |  EGP 65.00/100g
noon,grocery,sauces,Hoisin Sauce 200ml,https://www.noon.com/egypt-en/hoisin-sauce-200ml/N42868028A/p/?o=f63b190f3d3d243f,160,Flying Goose,200ml  |  EGP 80.00/100ml
noon,grocery,sauces,Sriracha Hot Chilli Sauce 200ml  Single,https://www.noon.com/egypt-en/sriracha-hot-chilli-sauce-200ml-single/N42868020A/p/?o=a98b86c1f5c6f0ed,178,Flying Goose,200ml  |  EGP 89.00/100ml
noon,grocery,sauces,Arkan Pure Sesame Tahini - 100% Natural - Creamy Texture & Authentic Taste,https://www.noon.com/egypt-en/arkan-pure-sesame-tahini-100-natural-creamy-texture-authentic-taste/Z8039898E335126E1FE43Z/p/?o=z8039898e335126e1fe43z-1,230,ARKAN,800g  |  EGP 28.75/100g
noon,grocery,sauces,Ranch Sauce Bucket - 3.25 kg,https://www.noon.com/egypt-en/ranch-sauce-bucket-3-25-kg/ZEDB69968E64E41A3EE12Z/p/?o=feddb61e1b68c1db,506.25,Add-Me,3.25kg  |  EGP 15.58/100g
noon,grocery,sauces,Real Mayonnaise Chili 400grams Single,https://www.noon.com/egypt-en/real-mayonnaise-chili-400grams-single/N52986117A/p/?o=ea9872e3d254275f,211.95,American Garden,400g  |  EGP 52.99/100g
noon,grocery,sauces,Ranch Sauce 285 GM,https://www.noon.com/egypt-en/ranch-sauce-285-gm/Z164E6429E04A3D31BF8EZ/p/?o=a4d8cd91e6025e4b,59.5,Bubuzy,285g  |  EGP 20.88/100g
noon,grocery,sauces,Light Soy Sauce 2Liters  Single,https://www.noon.com/egypt-en/light-soy-sauce-2liters-single/N41989245A/p/?o=e3c900fba684d40e,557.25,Tai Hua,2L  |  EGP 27.86/100ml
noon,grocery,sauces,Umami Dark Soy Sauce,https://www.noon.com/egypt-en/umami-dark-soy-sauce/Z75B7F0DEB98D576FA240Z/p/?o=a1a1fdd3d3dcb68b,94,Haday,500ml  |  EGP 0.19/100ml
noon,grocery,sauces,Hot Sriracha Sauce - Diet Sauce 180 grams,https://www.noon.com/egypt-en/hot-sriracha-sauce-diet-sauce-180-grams/Z65E84FA1B6E1936179AAZ/p/?o=z65e84fa1b6e1936179aaz-1,187,Naturesta,180g  |  EGP 103.89/100g
noon,grocery,sauces,Olive & Basilico Sauce 400 grams,https://www.noon.com/egypt-en/olive-basilico-sauce-400-grams/Z23166FCD7BEEC2E208EDZ/p/?o=z23166fcd7beec2e208edz-1,178.95,Panzani,400g  |  EGP 44.74/100g
noon,grocery,sauces,Dark Soy Sauce 300ml,https://www.noon.com/egypt-en/dark-soy-sauce-300ml/N35958692A/p/?o=a4f49b8c8f5f3ccf,59,MEGA FOODS,300ml  |  EGP 19.67/100ml
noon,grocery,sauces,"Sedjet Premium Ketchup - Made with fresh tomatoes, 335 gm",https://www.noon.com/egypt-en/sedjet-premium-ketchup-made-with-fresh-tomatoes-335-gm/ZC9A09A43AC2AF269BE84Z/p/?o=bade44577e7a858b,89,Sedjet,335g  |  EGP 26.57/100g
noon,grocery,sauces,Smokey Chipotle BBQ Sauce - 355 Gram,https://www.noon.com/egypt-en/smokey-chipotle-bbq-sauce-355-gram/Z7185A99AA42132EEA59BZ/p/?o=z7185a99aa42132eea59bz-1,121.5,Naturesta,355g  |  EGP 34.23/100g
noon,grocery,sauces,Chocolate Sauce premium-750 Gm Asmacup,https://www.noon.com/egypt-en/chocolate-sauce-premium-750-gm-asmacup/Z956125814A1D52280B04Z/p/?o=e295f6557cd1aebb,170,ASMACUP,750g  |  EGP 22.67/100g
noon,grocery,sauces,Guilt Free Barbecue - Zero Added Sugar-350Ml,https://www.noon.com/egypt-en/guilt-free-barbecue-zero-added-sugar-350ml/ZD54A426B731B7EFB7942Z/p/?o=zd54a426b731b7efb7942z-1,130,Organic Nation,350ml  |  EGP 37.14/100ml
noon,grocery,sauces,Sesame Pure Tahina Sauce Jar 710g,https://www.noon.com/egypt-en/sesame-pure-tahina-sauce-jar-710g/Z3A8863FF59F51C04B71EZ/p/?o=z3a8863ff59f51c04b71ez-1,159.75,Halwani Bros,710g  |  EGP 22.50/100g
noon,grocery,sauces,Al-Tayyibat Lebanese Liquid Seasoning – Authentic EasMiddle Eastern Marinade & Flavor Enhancer – Premium Quality – 250ml BottleAl-Tayyibat Lebanese Liquid Seasoning – Authentic Middle tern Marinade & Flavor Enhancer – Premium Quality – 400ml Bottle,https://www.noon.com/egypt-en/al-tayyibat-lebanese-liquid-seasoning-authentic-easmiddle-eastern-marinade-flavor-enhancer-premium-quality-250ml-bottleal-tayyibat-lebanese-liquid-seasoning-authentic-middle-tern-marinade-flavor-enhancer-premium-quality-400ml-bottle/Z16DEB0EF397C97FEBCAEZ/p/?o=z16deb0ef397c97febcaez-1,59.99,altayebat,400g  |  EGP 15.00/100g
noon,grocery,sauces,Indofood Mild Soy Sauce – Light & Balanced Flavor – Perfect for Cooking & Seasoning – 88ml Bottle,https://www.noon.com/egypt-en/indofood-mild-soy-sauce-light-balanced-flavor-perfect-for-cooking-seasoning-88ml-bottle/ZF863979E633246AC8ECCZ/p/?o=bd5422184174ad4e,199,Indofood,88ml  |  EGP 226.14/100ml
noon,grocery,sauces,Smoked Mayonnaise 400grams,https://www.noon.com/egypt-en/smoked-mayonnaise-400grams/N48704764A/p/?o=ec30bec682409e0f,51.5,Good France,400g  |  EGP 12.88/100g
noon,grocery,sauces,pizza sauce 355 g,https://www.noon.com/egypt-en/pizza-sauce-355-g/Z72CF13DB49454696A2A5Z/p/?o=z72cf13db49454696a2a5z-1,51,Lavida,355g  |  EGP 14.37/100g
noon,grocery,sauces,caramel premium  Sauce 750 Gm,https://www.noon.com/egypt-en/caramel-premium-sauce-750-gm/ZADFBAE12B57F6F7CD156Z/p/?o=fa228dabf5fb19ed,199,ASMACUP,750g  |  EGP 26.53/100g
noon,grocery,sauces,"Al-Tayyibat Barbecue Sauce – Rich Smoky Flavor, Perfect for Grilled Meat & Chicken – 250ml Bottle",https://www.noon.com/egypt-en/al-tayyibat-barbecue-sauce-rich-smoky-flavor-perfect-for-grilled-meat-chicken-250ml-bottle/Z5E62C139FDC7BF147B82Z/p/?o=z5e62c139fdc7bf147b82z-1,59.99,altayebat,250ml  |  EGP 24.00/100ml
noon,grocery,sauces,"BBQ Sauce , 5 kg",https://www.noon.com/egypt-en/bbq-sauce-5-kg/Z4F1982038301B20A5028Z/p/?o=z4f1982038301b20a5028z-1,299,Lavida,5kg  |  EGP 5.98/100g
noon,grocery,sauces,Original Ketchup - Diet Sauce 1 Kg,https://www.noon.com/egypt-en/original-ketchup-diet-sauce-1-kg/ZDF7F9A90B51A91B70E27Z/p/?o=zdf7f9a90b51a91b70e27z-1,437,Naturesta,1000g  |  EGP 43.70/100g
noon,grocery,sauces,Hot Sauce Sweet Chili Lime - Diet Sauce 180 grams,https://www.noon.com/egypt-en/hot-sauce-sweet-chili-lime-diet-sauce-180-grams/Z7CE76B4BA0B146F4F097Z/p/?o=z7ce76b4ba0b146f4f097z-1,105.5,Naturesta,180g  |  EGP 58.61/100g
noon,grocery,sauces,Tomato Paste (Sachets) 35g - Pack of 24,https://www.noon.com/egypt-en/tomato-paste-sachets-35g-pack-of-24/Z50A959A3E58FAFD47116Z/p/?o=b1157561eb528d6c,83.5,Bubuzy,24 pieces  |  EGP 3.48/piece
noon,grocery,sauces,Halwani Brothers Sesame Pure Tahina Sauce Jar 240g,https://www.noon.com/egypt-en/halwani-brothers-sesame-pure-tahina-sauce-jar-240g/Z962DCCEF6C1D352610B8Z/p/?o=z962dccef6c1d352610b8z-1,70.25,Halwani Bros,240g  |  EGP 29.27/100g
noon,grocery,sauces,"Al Tayebat Pure Pomegranate Molasses, 400 ml",https://www.noon.com/egypt-en/al-tayebat-pure-pomegranate-molasses-400-ml/Z58723D01BC56F26455B9Z/p/?o=z58723d01bc56f26455b9z-1,64.99,altayebat,400ml  |  EGP 16.25/100ml
noon,grocery,sauces,"Al Tayibat Pomegranate Molasses – 100% Natural, Authentic Middle Eastern Flavor – 400ml Bottle",https://www.noon.com/egypt-en/al-tayibat-pomegranate-molasses-100-natural-authentic-middle-eastern-flavor-400ml-bottle/Z5F5E4A1ACACD161C0DEAZ/p/?o=z5f5e4a1acacd161c0deaz-1,70,altayebat,400ml  |  EGP 17.50/100ml
noon,grocery,sauces,"altayebat Hot Sauce – Authentic Spicy Chili Pepper Condiment, 380ml Bottle",https://www.noon.com/egypt-en/altayebat-hot-sauce-authentic-spicy-chili-pepper-condiment-380ml-bottle/Z589859FB6B4B15FEABA4Z/p/?o=z589859fb6b4b15feaba4z-1,59.99,altayebat,380ml  |  EGP 15.79/100ml
noon,grocery,sauces,Tomato paste double concentrated 1375 GM,https://www.noon.com/egypt-en/tomato-paste-double-concentrated-1375-gm/Z4FAA38DDB2C7464A8A29Z/p/?o=z4faa38ddb2c7464a8a29z-1,226,Durra,1.375kg  |  EGP 16.44/100g
noon,grocery,sauces,Tahini 225grams,https://www.noon.com/egypt-en/tahini-225grams/N40074721A/p/?o=d6d370b66097820b,70.25,El bawadi,225g  |  EGP 31.22/100g
noon,grocery,sauces,Durra Pizza Sauce - 350g | Rich Flavor & Authentic Taste,https://www.noon.com/egypt-en/durra-pizza-sauce-350g-rich-flavor-authentic-taste/Z3290F0DA7026A7042CE3Z/p/?o=z3290f0da7026a7042ce3z-1,74.99,Durra,350g  |  EGP 21.43/100g
noon,grocery,sauces,Saegh Pomegranate Molasses 350g Squeeze,https://www.noon.com/egypt-en/saegh-pomegranate-molasses-350g-squeeze/Z64C85D2F28170CAFD61BZ/p/?o=b60fbbdabb2adbbb,83,Saegh,350g  |  EGP 23.71/100g
noon,grocery,sauces,Tayebat Pure Pomegranate Molasses & Soy Sauce + Natural Apple Vinegar Gift,https://www.noon.com/egypt-en/tayebat-pure-pomegranate-molasses-soy-sauce-natural-apple-vinegar-gift/ZD3631C76A02EAC931519Z/p/?o=zd3631c76a02eac931519z-1,120,altayebat,
noon,grocery,sauces,Saegh Classic Mayo Ketchup Sauce 280 gm,https://www.noon.com/egypt-en/saegh-classic-mayo-ketchup-sauce-280-gm/Z64145BC24DC8EFF9960AZ/p/?o=z64145bc24dc8eff9960az-1,57,Saegh,280g  |  EGP 20.36/100g
noon,grocery,sauces,"Spicy Ketchup Squeeze , 585 gm",https://www.noon.com/egypt-en/spicy-ketchup-squeeze-585-gm/ZB137FE41EB2585331B31Z/p/?o=zb137fe41eb2585331b31z-1,54,Lavida,585g  |  EGP 9.23/100g
noon,grocery,sauces,BBQ Sauce 380 ml,https://www.noon.com/egypt-en/bbq-sauce-380-ml/ZAD5389D75F0802EF7D72Z/p/?o=zad5389d75f0802ef7d72z-1,44,Lavida,380ml  |  EGP 11.58/100ml
noon,grocery,sauces,"Sedjet Hot Ketchup - Made with Fresh tomatoes, 335 gm",https://www.noon.com/egypt-en/sedjet-hot-ketchup-made-with-fresh-tomatoes-335-gm/Z4E88426471BF2D256C23Z/p/?o=b5091242b336180e,89,Sedjet,335g  |  EGP 26.57/100g
noon,grocery,sauces,Original Harissa Hot Sauce - Diet Sauce 85 grams,https://www.noon.com/egypt-en/original-harissa-hot-sauce-diet-sauce-85-grams/Z2D5BBDBF87BAC3C085DEZ/p/?o=z2d5bbdbf87bac3c085dez-1,81,Naturesta,85g  |  EGP 95.29/100g
noon,grocery,sauces,Pizza Sauce Tomato Oregano - 300 Gram,https://www.noon.com/egypt-en/pizza-sauce-tomato-oregano-300-gram/Z630721826EEBA6F45AB8Z/p/?o=z630721826eeba6f45ab8z-1,108.5,Naturesta,300g  |  EGP 36.17/100g
noon,grocery,sauces,Teriyaki Sauce 325 ml,https://www.noon.com/egypt-en/teriyaki-sauce-325-ml/Z0BE6E28A7A7E84CE8308Z/p/?o=z0be6e28a7a7e84ce8308z-1,71.75,CHOiCE,325ml  |  EGP 22.08/100ml
noon,grocery,sauces,Squeeze Bottle Ketchup 310 GM,https://www.noon.com/egypt-en/squeeze-bottle-ketchup-310-gm/ZBDF2E3F7CBE0499C9D9BZ/p/?o=zbdf2e3f7cbe0499c9d9bz-1,45.5,Bubuzy,310g  |  EGP 14.68/100g
noon,grocery,sauces,Demi Glace Sauce 700 grams,https://www.noon.com/egypt-en/demi-glace-sauce-700-grams/ZD12789622AC9033A2E3AZ/p/?o=zd12789622ac9033a2e3az-1,316.95,Chefy Mix,700g  |  EGP 45.28/100g
noon,grocery,sauces,American Mustard 200 grams,https://www.noon.com/egypt-en/american-mustard-200-grams/Z884A3D943DDBB26EA383Z/p/?o=z884a3d943ddbb26ea383z-1,34.75,Good France,200g  |  EGP 17.38/100g
noon,grocery,sauces,Guilt Free Hot Barbecue - Zero Added Sugar -350Ml,https://www.noon.com/egypt-en/guilt-free-hot-barbecue-zero-added-sugar-350ml/Z9D86BEC934B1C80AE3BBZ/p/?o=z9d86bec934b1c80ae3bbz-1,130,Organic Nation,350ml  |  EGP 37.14/100ml
noon,grocery,sauces,Hot Ketchup Squeeze 425,https://www.noon.com/egypt-en/hot-ketchup-squeeze-425/Z903806B7B4B918EE978BZ/p/?o=e49463b3f561dd6e,57.5,Add-Me,425g  |  EGP 13.53/100g
noon,grocery,sauces,Soya Sauce Light 170 ml,https://www.noon.com/egypt-en/soya-sauce-light-170-ml/Z5A8C273256DE12318F1EZ/p/?o=z5a8c273256de12318f1ez-1,36.75,DOBELLA,170ml  |  EGP 21.62/100ml
noon,grocery,sauces,American Mustard Sauce 400grams,https://www.noon.com/egypt-en/american-mustard-sauce-400grams/N30328295A/p/?o=d282ad2622cf74bf,65,Good France,400g  |  EGP 16.25/100g
noon,grocery,sauces,Extra Hot Hot Sauce - Diet Sauce 180 grams,https://www.noon.com/egypt-en/extra-hot-hot-sauce-diet-sauce-180-grams/ZF18494F17A1B0925BB0EZ/p/?o=zf18494f17a1b0925bb0ez-1,187,Naturesta,180g  |  EGP 103.89/100g
noon,grocery,sauces,Sweet Chili Sauce 300ml Single,https://www.noon.com/egypt-en/sweet-chili-sauce-300ml-single/N41989266A/p/?o=f7a2b21ff19bcdaa,106.5,Sunlee,300ml  |  EGP 35.50/100ml
noon,grocery,sauces,Oyster Flavoured Sauce 700ml – Asian Sauce for Stir Fry & Seafood Cooking,https://www.noon.com/egypt-en/oyster-flavoured-sauce-700ml-asian-sauce-for-stir-fry-seafood-cooking/Z730BDF9096343A27B6DCZ/p/?o=ff5ad270885bcfff,350,Mr.HUNG,700ml  |  EGP 0.50/100ml
noon,grocery,sauces,Halwani Brothers Sesame Pure Tahina Sauce Jar 120g,https://www.noon.com/egypt-en/halwani-brothers-sesame-pure-tahina-sauce-jar-120g/Z69C91A355C0C2B5E3486Z/p/?o=z69c91a355c0c2b5e3486z-1,37.25,Halwani Bros,120g  |  EGP 31.04/100g
noon,grocery,sauces,Coffee Premium Sauce 650 Gm,https://www.noon.com/egypt-en/coffee-premium-sauce-650-gm/Z358467434AE1C4D1CA60Z/p/?o=ec575f0d08f3c03f,177,ASMACUP,650g  |  EGP 27.23/100g
noon,grocery,sauces,Pomgrana Hone - 350 ml,https://www.noon.com/egypt-en/pomgrana-hone-350-ml/Z096AAE606D5233FC9BE7Z/p/?o=z096aae606d5233fc9be7z-1,94,SUN GARDEN,350ml  |  EGP 26.86/100ml
noon,grocery,sauces,Soya Sauce Dark 170 ml,https://www.noon.com/egypt-en/soya-sauce-dark-170-ml/Z8F5635CC63D6D9FEB391Z/p/?o=z8f5635cc63d6d9feb391z-1,36.75,DOBELLA,170ml  |  EGP 21.62/100ml
noon,grocery,sauces,Ketchup Spicy - 1 kg,https://www.noon.com/egypt-en/ketchup-spicy-1-kg/Z12AC6F7B5D5E30FDF266Z/p/?o=z12ac6f7b5d5e30fdf266z-1,482,Naturesta,1000g  |  EGP 48.20/100g
noon,grocery,sauces,Light Soy Sauce 210ml,https://www.noon.com/egypt-en/light-soy-sauce-210ml/Z93581D7019B8F12DCDEFZ/p/?o=z93581d7019b8f12dcdefz-1,63,Saegh,210ml  |  EGP 30.00/100ml
noon,grocery,sauces,Heinz Light Creamy Mayonnaise – 310g – Pack of 2,https://www.noon.com/egypt-en/heinz-light-creamy-mayonnaise-310g-pack-of-2/Z6F5563D3978FA183FAB3Z/p/?o=bfbd7059f74c812d,188,Heinz,620g  |  EGP 30.32/100g
noon,grocery,sauces,"Arkan Natural Sesame Tahini – 100% Pure Sesame Paste | Healthy Middle Eastern Ingredient for Hummus, Sauces & Desserts – 800g",https://www.noon.com/egypt-en/arkan-natural-sesame-tahini-100-pure-sesame-paste-healthy-middle-eastern-ingredient-for-hummus-sauces-desserts-800g/ZCAD56E9C5788137CB117Z/p/?o=zcad56e9c5788137cb117z-1,125,ARKAN,400g  |  EGP 31.25/100g
noon,grocery,sauces,Bundle – Tomato Paste 650g + Picual Olives 700g + Mixed Pickles 720g,https://www.noon.com/egypt-en/bundle-tomato-paste-650g-picual-olives-700g-mixed-pickles-720g/Z26A54498B484FD46BF47Z/p/?o=c282acd923a2e44e,210,Durra,
noon,grocery,sauces,Honey Mustard Squeeze - 275 grams,https://www.noon.com/egypt-en/honey-mustard-squeeze-275-grams/ZF707F4CDDE966D1CDEB7Z/p/?o=zf707f4cdde966d1cdeb7z-1,44.25,Dixie Mills,275g  |  EGP 16.09/100g
noon,grocery,sauces,Umami Dark Soy Sauce,https://www.noon.com/egypt-en/umami-dark-soy-sauce/Z2CE87A8DE9521FB9829AZ/p/?o=a3181bfc3a319b2e,53,Haday,150ml  |  EGP 35.33/100ml
noon,grocery,sauces,"Durra Tomato Ketchup – Special Offer Family Pack 900g + 225g | Rich Flavor, Fresh Tomatoes, Value Size",https://www.noon.com/egypt-en/durra-tomato-ketchup-special-offer-family-pack-900g-225g-rich-flavor-fresh-tomatoes-value-size/Z2AC701196FE66157690DZ/p/?o=z2ac701196fe66157690dz-1,119.99,Durra,1.13kg  |  EGP 10.62/100g
noon,grocery,sauces,Coleslaw Sauce 400grams,https://www.noon.com/egypt-en/coleslaw-sauce-400grams/N30328301A/p/?o=b61afa99ec9d8c6d,51.25,Good France,400g  |  EGP 12.81/100g
noon,grocery,sauces,Carbo Buldak (Roast Chicken) Hot Spicy Liquid Sauce 200 ml,https://www.noon.com/egypt-en/carbo-buldak-roast-chicken-hot-spicy-liquid-sauce-200-ml/Z7BB2FA00A7D6D3115ABEZ/p/?o=z7bb2fa00a7d6d3115abez-1,339,Samyang,200ml  |  EGP 169.50/100ml
noon,grocery,sauces,Thai Chili Sauce  340 g,https://www.noon.com/egypt-en/thai-chili-sauce-340-g/Z7465EF37F81372171EB0Z/p/?o=z7465ef37f81372171eb0z-1,70,Lavida,340g  |  EGP 20.59/100g
noon,grocery,sauces,"BBQ sauce Squeeze , 585 gm",https://www.noon.com/egypt-en/bbq-sauce-squeeze-585-gm/ZCE3B6D54E3FE12FEACA5Z/p/?o=zce3b6d54e3fe12feaca5z-1,70,Lavida,585g  |  EGP 11.97/100g
noon,grocery,sauces,Honey Mustard Dressing - 210 Gram,https://www.noon.com/egypt-en/honey-mustard-dressing-210-gram/Z9BB6DD99558D7B5FFDCAZ/p/?o=z9bb6dd99558d7b5ffdcaz-1,81,Naturesta,210g  |  EGP 38.57/100g
noon,grocery,sauces,Sesame Seeds Tahina Cream - 500 gram,https://www.noon.com/egypt-en/sesame-seeds-tahina-cream-500-gram/Z9B8C41B72552C436A7D7Z/p/?o=ce5f66bc6048d76e,120,AL SHARQ,500g  |  EGP 24.00/100g
noon,grocery,sauces,Barbeque Sauce 150ml,https://www.noon.com/egypt-en/barbeque-sauce-150ml/N41989247A/p/?o=a2fe904ba094c6aa,150,Tai Hua,150ml  |  EGP 100.00/100ml
noon,grocery,sauces,Thousand Island 300grams,https://www.noon.com/egypt-en/thousand-island-300grams/N52149605A/p/?o=ddf7362f8d1adc0a,58.95,Mc Sauce,300g  |  EGP 19.65/100g
noon,grocery,sauces,Real Mayonnaise 400grams Single,https://www.noon.com/egypt-en/real-mayonnaise-400grams-single/N52986116A/p/?o=d488abc68df6539b,211.95,American Garden,400g  |  EGP 52.99/100g
noon,grocery,sauces,Sriracha sauce 340 grams,https://www.noon.com/egypt-en/sriracha-sauce-340-grams/Z0A42DABF17E1505B5012Z/p/?o=z0a42dabf17e1505b5012z-1,210,HEALTHY & TASTY,340g  |  EGP 61.76/100g
noon,grocery,sauces,Samyang Buldak Artificial Spicy Hot Chicken Flavoured Sauce Original 200g,https://www.noon.com/egypt-en/samyang-buldak-artificial-spicy-hot-chicken-flavoured-sauce-original-200g/Z13FD513766A8CE503C00Z/p/?o=z13fd513766a8ce503c00z-1,333,Samyang,200g  |  EGP 166.50/100g
noon,grocery,sauces,Chocolate Sauce premium-750 Gm Asmacup,https://www.noon.com/egypt-en/chocolate-sauce-premium-750-gm-asmacup/Z956125814A1D52280B04Z/p/?o=e295f6557cd1aebb,170,ASMACUP,750g  |  EGP 22.67/100g
noon,grocery,sauces,"Rana Hot Sauce – 474ml | Spicy Chili Sauce | Perfect for Meals, Snacks & Marinades 2 pcs",https://www.noon.com/egypt-en/rana-hot-sauce-474ml-spicy-chili-sauce-perfect-for-meals-snacks-marinades-2-pcs/ZF72F60F395271C7254F5Z/p/?o=d520286ecebbe2dd,114.98,Rana,948ml  |  EGP 12.13/100ml
noon,grocery,sauces,Hand crafted Hot Sauce 85% Habanero 200 GM,https://www.noon.com/egypt-en/hand-crafted-hot-sauce-85-habanero-200-gm/Z7AF7EECC8AEDE60C6177Z/p/?o=ffdec0415a88d92d,250,Felfelaty,200g  |  EGP 125.00/100g
noon,grocery,sauces,Honey mustard sauce 340 grams,https://www.noon.com/egypt-en/honey-mustard-sauce-340-grams/Z43780EA6E7AB10309715Z/p/?o=z43780ea6e7ab10309715z-1,210,HEALTHY & TASTY,340g  |  EGP 61.76/100g
noon,grocery,sauces,Al-Tayyibat Lebanese Liquid Seasoning – Authentic EasMiddle Eastern Marinade & Flavor Enhancer – Premium Quality – 250ml BottleAl-Tayyibat Lebanese Liquid Seasoning – Authentic Middle tern Marinade & Flavor Enhancer – Premium Quality – 400ml Bottle,https://www.noon.com/egypt-en/al-tayyibat-lebanese-liquid-seasoning-authentic-easmiddle-eastern-marinade-flavor-enhancer-premium-quality-250ml-bottleal-tayyibat-lebanese-liquid-seasoning-authentic-middle-tern-marinade-flavor-enhancer-premium-quality-400ml-bottle/Z16DEB0EF397C97FEBCAEZ/p/?o=z16deb0ef397c97febcaez-1,59.99,altayebat,400g  |  EGP 15.00/100g
noon,grocery,sauces,caramel premium  Sauce 750 Gm,https://www.noon.com/egypt-en/caramel-premium-sauce-750-gm/ZADFBAE12B57F6F7CD156Z/p/?o=fa228dabf5fb19ed,199,ASMACUP,750g  |  EGP 26.53/100g
noon,grocery,sauces,Hand crafted Hot Sauce CHIPOTLE 200 GM,https://www.noon.com/egypt-en/hand-crafted-hot-sauce-chipotle-200-gm/Z5DF8078BB40E5A713E5AZ/p/?o=e0a4ba9e8b3b56bf,250,Felfelaty,200g  |  EGP 125.00/100g
noon,grocery,sauces,Natural Mayonnaise 280grams,https://www.noon.com/egypt-en/natural-mayonnaise-280grams/N34976230A/p/?o=de460de1926cd24a,62.95,GIARDINO,280g  |  EGP 22.48/100g
noon,grocery,sauces,Hoisin Sauce 150ml,https://www.noon.com/egypt-en/hoisin-sauce-150ml/N41989246A/p/?o=d6c3498c1b5250db,139,Tai Hua,150ml  |  EGP 92.67/100ml
noon,grocery,sauces,Green Food Coloring Gel 30ml,https://www.noon.com/egypt-en/green-food-coloring-gel-30ml/N49538627A/p/?o=d92686aafed79d1d,31.25,DOBELLA,30ml  |  EGP 104.17/100ml
noon,grocery,sauces,Guilt Free Hot Ketchup - Zero Added Sugar-350Ml,https://www.noon.com/egypt-en/guilt-free-hot-ketchup-zero-added-sugar-350ml/Z8E57DE9DE74FB8BFD090Z/p/?o=z8e57de9de74fb8bfd090z-1,120,Organic Nation,350ml  |  EGP 34.29/100ml
noon,grocery,sauces,"Al-Tayyibat Barbecue Sauce – Rich Smoky Flavor, Perfect for Grilled Meat & Chicken – 250ml Bottle",https://www.noon.com/egypt-en/al-tayyibat-barbecue-sauce-rich-smoky-flavor-perfect-for-grilled-meat-chicken-250ml-bottle/Z5E62C139FDC7BF147B82Z/p/?o=z5e62c139fdc7bf147b82z-1,59.99,altayebat,250ml  |  EGP 24.00/100ml
noon,grocery,sauces,"Al Tayebat Pure Pomegranate Molasses, 400 ml",https://www.noon.com/egypt-en/al-tayebat-pure-pomegranate-molasses-400-ml/Z58723D01BC56F26455B9Z/p/?o=z58723d01bc56f26455b9z-1,64.99,altayebat,400ml  |  EGP 16.25/100ml
noon,grocery,sauces,"Al Tayibat Pomegranate Molasses – 100% Natural, Authentic Middle Eastern Flavor – 400ml Bottle",https://www.noon.com/egypt-en/al-tayibat-pomegranate-molasses-100-natural-authentic-middle-eastern-flavor-400ml-bottle/Z5F5E4A1ACACD161C0DEAZ/p/?o=z5f5e4a1acacd161c0deaz-1,70,altayebat,400ml  |  EGP 17.50/100ml
noon,grocery,sauces,"Garlic Mayonnaise, 340ml",https://www.noon.com/egypt-en/garlic-mayonnaise-340ml/N14501243A/p/?o=ac7ee1e8f3e2939e,286,Mazola,340ml  |  EGP 84.12/100ml
noon,grocery,sauces,Sauce Burger 285ml,https://www.noon.com/egypt-en/sauce-burger-285ml/N52598004A/p/?o=c5dc4d9b9209bc5b,65.5,GIARDINO,285ml  |  EGP 22.98/100ml
noon,grocery,sauces,"altayebat Hot Sauce – Authentic Spicy Chili Pepper Condiment, 380ml Bottle",https://www.noon.com/egypt-en/altayebat-hot-sauce-authentic-spicy-chili-pepper-condiment-380ml-bottle/Z589859FB6B4B15FEABA4Z/p/?o=z589859fb6b4b15feaba4z-1,59.99,altayebat,380ml  |  EGP 15.79/100ml
noon,grocery,sauces,Saegh Pomegranate Molasses 350g Squeeze,https://www.noon.com/egypt-en/saegh-pomegranate-molasses-350g-squeeze/Z64C85D2F28170CAFD61BZ/p/?o=b60fbbdabb2adbbb,83,Saegh,350g  |  EGP 23.71/100g
noon,grocery,sauces,Tayebat Pure Pomegranate Molasses & Soy Sauce + Natural Apple Vinegar Gift,https://www.noon.com/egypt-en/tayebat-pure-pomegranate-molasses-soy-sauce-natural-apple-vinegar-gift/ZD3631C76A02EAC931519Z/p/?o=zd3631c76a02eac931519z-1,120,altayebat,
noon,grocery,sauces,BBQ Sauce Gold 79 Gram,https://www.noon.com/egypt-en/bbq-sauce-gold-79-gram/Z1F3BAEC21A743A344574Z/p/?o=z1f3baec21a743a344574z-1,81,Naturesta,79g  |  EGP 102.53/100g
noon,grocery,sauces,Saegh red chili sauce 280G,https://www.noon.com/egypt-en/saegh-red-chili-sauce-280g/Z77B6C0DBEB07016B86C9Z/p/?o=z77b6c0dbeb07016b86c9z-1,55,Saegh,280g  |  EGP 19.64/100g
noon,grocery,sauces,Saegh Tomato puree 3 KG,https://www.noon.com/egypt-en/saegh-tomato-puree-3-kg/Z503DE57DA5CE71FC2E1DZ/p/?o=a922fb33b9a3b0fb,243,Saegh,3kg  |  EGP 8.10/100g
noon,grocery,sauces,Mustard - 250ml,https://www.noon.com/egypt-en/mustard-250ml/ZEF8FCF42C6DFE5E0EC87Z/p/?o=zef8fcf42c6dfe5e0ec87z-1,31.75,Dixie Mills,270ml  |  EGP 11.76/100ml
noon,grocery,sauces,Garlic Sauce Bottle 400grams,https://www.noon.com/egypt-en/garlic-sauce-bottle-400grams/N42652830A/p/?o=dc6157ae82c5105f,55,Good France,400g  |  EGP 13.75/100g
noon,grocery,sauces,"Premium natural capers with tangy, fresh flavor 910 gm",https://www.noon.com/egypt-en/premium-natural-capers-with-tangy-fresh-flavor-910-gm/ZCEF43FDE66A92DE67D1DZ/p/?o=d985b1fb9718d84b,700,VIRGINIA GREEN GARDENS,910g  |  EGP 76.92/100g
noon,grocery,sauces,Lemon Juice Substitute 250ml,https://www.noon.com/egypt-en/lemon-juice-substitute-250ml/N49496935A/p/?o=ca797775d98adf7b,48.5,Fersan,250ml  |  EGP 19.40/100ml
noon,grocery,sauces,lemon pickle sauce 350 g,https://www.noon.com/egypt-en/lemon-pickle-sauce-350-g/Z2B9BAA329C7EA2FF69C8Z/p/?o=z2b9baa329c7ea2ff69c8z-1,75,Lavida,350g  |  EGP 21.43/100g
noon,grocery,sauces,Mustard Honey - 1 kg,https://www.noon.com/egypt-en/mustard-honey-1-kg/ZE63F0AD1EA981BD131EFZ/p/?o=ze63f0ad1ea981bd131efz-1,618,Naturesta,1000g  |  EGP 61.80/100g
noon,grocery,sauces,Tomato Ketchup 280grams,https://www.noon.com/egypt-en/tomato-ketchup-280grams/N34976224A/p/?o=ec4da9f6830a596d,42.25,GIARDINO,280g  |  EGP 15.09/100g
noon,grocery,sauces,Saegh pomegranate molasses 175 g,https://www.noon.com/egypt-en/saegh-pomegranate-molasses-175-g/ZFD341E7DE7A7E5665B0AZ/p/?o=zfd341e7de7a7e5665b0az-1,55,Saegh,175g  |  EGP 31.43/100g
noon,grocery,sauces,Mustard sauce 215 g,https://www.noon.com/egypt-en/mustard-sauce-215-g/Z85D3EFF16C31C7F5F893Z/p/?o=efe1338af2cc968e,54,Durra,215g  |  EGP 0.25/100g
noon,grocery,sauces,Saegh tomato ketchup sauce 280 gm,https://www.noon.com/egypt-en/saegh-tomato-ketchup-sauce-280-gm/ZA37B7F5D468CCB76D778Z/p/?o=za37b7f5d468ccb76d778z-1,53,Saegh,280g  |  EGP 18.93/100g
noon,grocery,sauces,Tomato Ketchup 475grams,https://www.noon.com/egypt-en/tomato-ketchup-475grams/N29042935A/p/?o=fc5f9d2f1678f5fb,50,Mc Sauce,475g  |  EGP 10.53/100g
noon,grocery,sauces,Hot Buffalo Sauce - Diet Sauce 79 grams,https://www.noon.com/egypt-en/hot-buffalo-sauce-diet-sauce-79-grams/Z5D923AA0D26C2A49C00EZ/p/?o=z5d923aa0d26c2a49c00ez-1,81,Naturesta,79g  |  EGP 102.53/100g
noon,grocery,sauces,Ranch Dressing - 200 grams,https://www.noon.com/egypt-en/ranch-dressing-200-grams/ZCA027A58D83F19A5F7DEZ/p/?o=zca027a58d83f19a5f7dez-1,53,Good France,200g  |  EGP 26.50/100g
noon,grocery,sauces,Chilli Mayonnaise 340 g,https://www.noon.com/egypt-en/chilli-mayonnaise-340-g/ZD4244895F5A33E535A4CZ/p/?o=zd4244895f5a33e535a4cz-1,51,Lavida,340g  |  EGP 15.00/100g
noon,grocery,sauces,Marinated Tomato Sauce -Spicy Ala Al Tabkha 375 grams,https://www.noon.com/egypt-en/marinated-tomato-sauce-spicy-ala-al-tabkha-375-grams/Z9DD03B1B0DF7FBAC6232Z/p/?o=z9dd03b1b0df7fbac6232z-1,44.95,Add-Me,375g  |  EGP 11.99/100g
noon,grocery,sauces,Oyster Sauce 500ml,https://www.noon.com/egypt-en/oyster-sauce-500ml/N49538599A/p/?o=dfa4dfdc3a8c883f,325,Heinz,500ml  |  EGP 65.00/100ml
noon,grocery,sauces,Heinz Truffle Mayonnaise - Top-Down Squeezy Bottle - 225ml,https://www.noon.com/egypt-en/heinz-truffle-mayonnaise-top-down-squeezy-bottle-225ml/Z4ACCF973D970E422368EZ/p/?o=de5c28c1faefdfbc,224,Heinz,225ml  |  EGP 99.56/100ml
noon,grocery,sauces,Heinz Smoky Mayonnaise - Top-Down Squeeze Bottle 225ml,https://www.noon.com/egypt-en/heinz-smoky-mayonnaise-top-down-squeeze-bottle-225ml/ZCD9227680A88C7AD4D69Z/p/?o=d4472cd64fc0d53d,214,Heinz,225ml  |  EGP 95.11/100ml
noon,grocery,sauces,Whole Grain Mustard 350grams,https://www.noon.com/egypt-en/whole-grain-mustard-350grams/N46544494A/p/?o=a21ec586407b0acd,255,Cemeraire,350g  |  EGP 72.86/100g
noon,grocery,sauces,Sauce Wings and Buffalo Dip - 79 Gram,https://www.noon.com/egypt-en/sauce-wings-and-buffalo-dip-79-gram/Z20CDE45ABCA00AC84337Z/p/?o=z20cde45abca00ac84337z-1,81,Naturesta,79g  |  EGP 102.53/100g
noon,grocery,sauces,Hot Sweet Chili Sauce - Diet Sauce 180 grams,https://www.noon.com/egypt-en/hot-sweet-chili-sauce-diet-sauce-180-grams/Z7DDC2905A202B8BCE30AZ/p/?o=z7ddc2905a202b8bce30az-1,104.25,Naturesta,180g  |  EGP 57.92/100g
noon,grocery,sauces,Premium Light Soy Sauce 150ml,https://www.noon.com/egypt-en/premium-light-soy-sauce-150ml/N34041973A/p/?o=c6c13d0d1a959e9a,132,Heinz,150ml  |  EGP 88.00/100ml
source,grocery,sauces,Pomegranate Molasses 275ml Pack of 2,https://www.noon.com/egypt-en/pomegranate-molasses-275ml-pack-of-2/ZD942E50494E34C6BB75AZ/p/?o=zd942e50494e34c6bb75az-1,120,Saegh,550ml  |  EGP 21.82/100ml
noon,grocery,sauces,Cowboy Sauce 400grams,https://www.noon.com/egypt-en/cowboy-sauce-400grams/N48704758A/p/?o=ed8eecc7878ff9df,46.75,Good France,400g  |  EGP 11.69/100g
noon,grocery,sauces,Rana Original Saudi Hot Sauce - Perfect for Restaurants and Quick Meals - 100ml,https://www.noon.com/egypt-en/rana-original-saudi-hot-sauce-perfect-for-restaurants-and-quick-meals-100ml/Z2F73C2B80D723DF2654FZ/p/?o=ab6549d2dc400d3f,140,Rana,100ml  |  EGP 140.00/100ml
noon,grocery,sauces,"Durra Double Concentrated Tomato Paste – Rich Flavor, 800g Tin",https://www.noon.com/egypt-en/durra-double-concentrated-tomato-paste-rich-flavor-800g-tin/ZF9E348C930347E3E6043Z/p/?o=zf9e348c930347e3e6043z-1,120,Durra,800g  |  EGP 15.00/100g
noon,grocery,sauces,Tahini 115grams,https://www.noon.com/egypt-en/tahini-115grams/N40074720A/p/?o=f119a2803966a18d,42,El bawadi,115g  |  EGP 36.52/100g
noon,grocery,sauces,"Saudia Premium Tomato Sauce, Rich & Pure Flavour, Multipack of 3",https://www.noon.com/egypt-en/saudia-premium-tomato-sauce-rich-pure-flavour-multipack-of-3/Z1427AB693A3E9ED8E5D8Z/p/?o=ea8b0ea140bf6faf,300,Saudia,3 pieces  |  EGP 100.00/piece
noon,grocery,sauces,Light Soya Sauce 330ml,https://www.noon.com/egypt-en/light-soya-sauce-330ml/N53271953A/p/?o=caa346fdfec938fd,30,Thio,330ml  |  EGP 9.09/100ml
noon,grocery,sauces,Original Harissa Hot Sauce - Diet Sauce 180 grams,https://www.noon.com/egypt-en/original-harissa-hot-sauce-diet-sauce-180-grams/Z3AA823CB9BF4429B9B81Z/p/?o=z3aa823cb9bf4429b9b81z-1,187,Naturesta,180g  |  EGP 103.89/100g
noon,grocery,sauces,Mustard Sauce 235 grams,https://www.noon.com/egypt-en/mustard-sauce-235-grams/Z7B4D836CBA60CE38B6B8Z/p/?o=z7b4d836cba60ce38b6b8z-1,53.5,GIARDINO,235g  |  EGP 22.77/100g
noon,grocery,sauces,Tomato Ketchup 320grams,https://www.noon.com/egypt-en/tomato-ketchup-320grams/N34976220A/p/?o=cc821b48590d6a5b,42.5,GIARDINO,320g  |  EGP 13.28/100g
noon,grocery,sauces,Tomato Ketchup 430grams,https://www.noon.com/egypt-en/tomato-ketchup-430grams/N39930959A/p/?o=a7354e8ce7a2ecba,45,Lavida,430g  |  EGP 10.47/100g
noon,grocery,sauces,Samyang 2X Buldak Korean Spicy Hot Chicken Flavor Sauce 200g,https://www.noon.com/egypt-en/samyang-2x-buldak-korean-spicy-hot-chicken-flavor-sauce-200g/ZBB098E966A23BECF73EFZ/p/?o=zbb098e966a23becf73efz-1,333,Samyang,200g  |  EGP 166.50/100g
noon,grocery,sauces,Chili Ketchup Bottle 340 grams,https://www.noon.com/egypt-en/chili-ketchup-bottle-340-grams/ZAB0A3307936C85970CE1Z/p/?o=zab0a3307936c85970ce1z-1,45.25,Chefy Mix,340g  |  EGP 13.31/100g
noon,grocery,sauces,New York Burger Sauce 400grams,https://www.noon.com/egypt-en/new-york-burger-sauce-400grams/N30328297A/p/?o=a9748b692f8b105f,82,Good France,400g  |  EGP 20.50/100g
noon,grocery,sauces,Squeeze Bottle Mayonnaise 285 gm,https://www.noon.com/egypt-en/squeeze-bottle-mayonnaise-285-gm/Z1420FD5B881AB456C515Z/p/?o=z1420fd5b881ab456c515z-1,49.5,Bubuzy,285g  |  EGP 17.37/100g
noon,grocery,sauces,Sriracha Super Hot Chilli Sauce 200ml  Single,https://www.noon.com/egypt-en/sriracha-super-hot-chilli-sauce-200ml-single/N42868025A/p/?o=b82518a001c39e4c,141.75,Flying Goose,200ml  |  EGP 70.88/100ml
noon,grocery,sauces,dark soy sauce,https://www.noon.com/egypt-en/dark-soy-sauce/Z94C9408889D5421FF7A3Z/p/?o=z94c9408889d5421ff7a3z-1,63,Saegh,
noon,grocery,sauces,Hot ketchup 310g,https://www.noon.com/egypt-en/hot-ketchup-310g/ZD50DF63B1C6C3EFA74F8Z/p/?o=e3e7b5e3383ecf6c,34,Bubuzy,310g  |  EGP 10.97/100g
noon,grocery,sauces,Barbecue sauce 420g,https://www.noon.com/egypt-en/barbecue-sauce-420g/ZC533CBB3A66EE9D6A6F9Z/p/?o=c82a9b6dcc1ae75b,81,Durra,420g  |  EGP 19.29/100g
noon,grocery,sauces,Barbecue Sauce 400grams,https://www.noon.com/egypt-en/barbecue-sauce-400grams/N30328296A/p/?o=b3aa035c1021b17b,54.75,Good France,400g  |  EGP 13.69/100g
noon,grocery,sauces,Halpino Sauce 100ml,https://www.noon.com/egypt-en/halpino-sauce-100ml/N29012992A/p/?o=ef6b28970b7a146c,68,Rana,100ml  |  EGP 68.00/100ml
noon,grocery,sauces,Halpino Sauce 100ml,https://www.noon.com/egypt-en/spicy-bbq-sauce-355-gram/ZE72708CA686192DF1283Z/p/?o=ze72708ca686192df1283z-1,68,Rana,100ml  |  EGP 68.00/100ml
noon,grocery,sauces,Sweet Chili Sauce 300 ml,https://www.noon.com/egypt-en/sweet-chili-sauce-300-ml/ZB6A2CD3A70145330813DZ/p/?o=zb6a2cd3a70145330813dz-1,76.5,CHOiCE,300ml  |  EGP 25.50/100ml
noon,grocery,sauces,Tomato Paste Jar 320grams,https://www.noon.com/egypt-en/tomato-paste-jar-320grams/N38961001A/p/?o=e37f45174516b07c,43,Wadi Food,320g  |  EGP 13.44/100g
noon,grocery,sauces,Chocolate Sauce premium-750 Gm Asmacup,https://www.noon.com/egypt-en/chocolate-sauce-premium-750-gm-asmacup/Z956125814A1D52280B04Z/p/?o=e295f6557cd1aebb,170,ASMACUP,750g  |  EGP 22.67/100g
noon,grocery,sauces,caramel premium  Sauce 750 Gm,https://www.noon.com/egypt-en/caramel-premium-sauce-750-gm/ZADFBAE12B57F6F7CD156Z/p/?o=fa228dabf5fb19ed,199,ASMACUP,750g  |  EGP 26.53/100g
noon,grocery,sauces,Saegh Pomegranate Molasses 350g Squeeze,https://www.noon.com/egypt-en/saegh-pomegranate-molasses-350g-squeeze/Z64C85D2F28170CAFD61BZ/p/?o=b60fbbdabb2adbbb,83,Saegh,350g  |  EGP 23.71/100g
noon,grocery,sauces,Thai Sweet Chilli Sauce 240grams,https://www.noon.com/egypt-en/thai-sweet-chilli-sauce-240grams/N29595818A/p/?o=c5ad044281860aaf,213,Heinz,240g  |  EGP 88.75/100g
noon,grocery,sauces,Basil Pasta Sauce - 300 Gram,https://www.noon.com/egypt-en/basil-pasta-sauce-300-gram/ZAFD1F8C21D0F6601B80FZ/p/?o=zafd1f8c21d0f6601b80fz-1,187,Naturesta,300g  |  EGP 62.33/100g
noon,grocery,sauces,Tomato Ketchup Sauce 310ml  Single,https://www.noon.com/egypt-en/tomato-ketchup-sauce-310ml-single/N52598011A/p/?o=b4dbfe0c63186c4a,48.5,GIARDINO,310ml  |  EGP 15.65/100ml
noon,grocery,sauces,Potato sauce 320g,https://www.noon.com/egypt-en/potato-sauce-320g/Z7ABC8F7E01C112F44236Z/p/?o=z7abc8f7e01c112f44236z-1,66,Smart Value,320g  |  EGP 20.62/100g
noon,grocery,sauces,mexican sauce 340 g,https://www.noon.com/egypt-en/mexican-sauce-340-g/Z7FB12FF1637F849BB2AAZ/p/?o=z7fb12ff1637f849bb2aaz-1,61,Lavida,340g  |  EGP 17.94/100g
noon,grocery,sauces,BBQ Sauce - 300grams,https://www.noon.com/egypt-en/bbq-sauce-300grams/N43406250A/p/?o=d9c1a9068bb5193f,71.75,CHOiCE,300g  |  EGP 23.92/100g
noon,grocery,sauces,BBQ Sauce Gold - 1 kg,https://www.noon.com/egypt-en/bbq-sauce-gold-1-kg/ZFCDD7883C9C51B3E9641Z/p/?o=zfcdd7883c9c51b3e9641z-1,519,Naturesta,1000g  |  EGP 51.90/100g
noon,grocery,sauces,Ma-yo sauce 200g,https://www.noon.com/egypt-en/ma-yo-sauce-200g/ZD1C6A351CBD84871CBC9Z/p/?o=f87c3d4be7abbfff,90,Durra,200g  |  EGP 0.45/100g
noon,grocery,sauces,Mustard Sauce Bucket - 5 kg,https://www.noon.com/egypt-en/mustard-sauce-bucket-5-kg/Z1AAE2120E73AE03B9FFEZ/p/?o=z1aae2120e73ae03b9ffez-1,384.25,Add-Me,5kg  |  EGP 7.68/100g
noon,grocery,sauces,Spicy BBQ Sauce - 79 Gram,https://www.noon.com/egypt-en/spicy-bbq-sauce-79-gram/Z150DF284A00698EB56D2Z/p/?o=z150df284a00698eb56d2z-1,81,Naturesta,79g  |  EGP 102.53/100g
noon,grocery,sauces,Hot Buffalo Sauce - Diet Sauce 1 kg,https://www.noon.com/egypt-en/hot-buffalo-sauce-diet-sauce-1-kg/ZF0C143F137B8308397ECZ/p/?o=zf0c143f137b8308397ecz-1,631,Naturesta,1000g  |  EGP 63.10/100g
noon,grocery,sauces,"Red Curry Paste 400g | Authentic Thai Curry Paste for Curries, Stir-Fry & Marinades",https://www.noon.com/egypt-en/red-curry-paste-400g-authentic-thai-curry-paste-for-curries-stir-fry-marinades/ZA57B030AE55C3F8B9694Z/p/?o=aeff414c65ba277c,370,BYSRI,400g  |  EGP 0.92/100g
noon,grocery,sauces,"Yellow Curry Paste 400g | Authentic Thai Curry Paste for Curries, Stir-Fry & Marinades",https://www.noon.com/egypt-en/yellow-curry-paste-400g-authentic-thai-curry-paste-for-curries-stir-fry-marinades/Z2B1227E8AE333524019CZ/p/?o=b249430c95dcb40b,370,BYSRI,400g  |  EGP 0.92/100g
noon,grocery,sauces,Sweet chili 385 g,https://www.noon.com/egypt-en/sweet-chili-385-g/Z54650810EA59E30A6395Z/p/?o=z54650810ea59e30a6395z-1,66,Lavida,385g  |  EGP 17.14/100g
noon,grocery,sauces,"Al Tayebat Pure Pomegranate Molasses, 400 ml",https://www.noon.com/egypt-en/al-tayebat-pure-pomegranate-molasses-400-ml/Z58723D01BC56F26455B9Z/p/?o=z58723d01bc56f26455b9z-1,64.99,altayebat,400ml  |  EGP 16.25/100ml
noon,grocery,sauces,Saegh sweet chili sauce 280 g,https://www.noon.com/egypt-en/saegh-sweet-chili-sauce-280-g/Z6DED67375929095B520FZ/p/?o=z6ded67375929095b520fz-1,60,Saegh,280g  |  EGP 21.43/100g
noon,grocery,sauces,mustard 355 g,https://www.noon.com/egypt-en/mustard-355-g/Z480C79956EFD5432901BZ/p/?o=z480c79956efd5432901bz-1,55,Lavida,355g  |  EGP 15.49/100g
noon,grocery,sauces,Pure Tomato Juice 1Liters,https://www.noon.com/egypt-en/pure-tomato-juice-1liters/N28727603A/p/?o=d3760063de7a544b,59.25,Juhayna,1000ml  |  EGP 5.92/100ml
noon,grocery,sauces,"Durra Tomato Ketchup – Premium Quality, Rich Tomato Flavor, 500g",https://www.noon.com/egypt-en/durra-tomato-ketchup-premium-quality-rich-tomato-flavor-500g/Z0A262BDC636B35C7D12CZ/p/?o=z0a262bdc636b35c7d12cz-1,84.99,Durra,500g  |  EGP 17.00/100g
noon,grocery,sauces,Mango premium natural Sauce 750 gm,https://www.noon.com/egypt-en/mango-premium-natural-sauce-750-gm/Z893B71016CF45A2D8244Z/p/?o=df0eaf059d1eebda,170,ASMACUP,750g  |  EGP 22.67/100g
noon,grocery,sauces,BBQ 340 grams,https://www.noon.com/egypt-en/bbq-340-grams/ZD4961193C00533032C23Z/p/?o=zd4961193c00533032c23z-1,210,HEALTHY & TASTY,340g  |  EGP 61.76/100g
noon,grocery,sauces,Pomegranate Molasses Squeeze - 500 ml,https://www.noon.com/egypt-en/pomegranate-molasses-squeeze-500-ml/ZD76AB5D4CC9421282994Z/p/?o=zd76ab5d4cc9421282994z-1,355,Yamama,500ml  |  EGP 71.00/100ml
noon,grocery,sauces,Minced Natural Garlic 200grams,https://www.noon.com/egypt-en/minced-natural-garlic-200grams/N29595690A/p/?o=ca1a4d13326ec88d,60.5,Gold Alex,200g  |  EGP 30.25/100g
noon,grocery,sauces,"Chili & Garlic Sauce 700ml – Spicy Asian Sauce for Stir Fry, Marinades & Dipping",https://www.noon.com/egypt-en/chili-garlic-sauce-700ml-spicy-asian-sauce-for-stir-fry-marinades-dipping/Z0F557183B70FCE9A481BZ/p/?o=e251ab98de6a302f,350,Mr.HUNG,700ml  |  EGP 0.50/100ml
noon,grocery,sauces,Umami Light Soy Sauce,https://www.noon.com/egypt-en/umami-light-soy-sauce/ZF94E0D3F20FEB2759307Z/p/?o=cb2c06d384d5a70a,94,Haday,500ml  |  EGP 0.19/100ml
noon,grocery,sauces,Umami Light Soy Sauce,https://www.noon.com/egypt-en/umami-light-soy-sauce/Z3003D29E628379E76730Z/p/?o=d4a7baadff4e26ce,53,Haday,150ml  |  EGP 35.33/100ml
noon,grocery,sauces,Samyang Buldak Korean Spicy Hot Chicken Flavor Sauce Back of  2X - Carbonara - Original  3* 200g,https://www.noon.com/egypt-en/samyang-buldak-korean-spicy-hot-chicken-flavor-sauce-back-of-2x-carbonara-original-3-200g/ZCF162BC8296987E41204Z/p/?o=zcf162bc8296987e41204z-1,1099,Samyang,600g  |  EGP 183.17/100g
noon,grocery,sauces,Mustard Sauce - Diet Sauce 1 kg,https://www.noon.com/egypt-en/mustard-sauce-diet-sauce-1-kg/ZD4767475D3F2EB564857Z/p/?o=zd4767475d3f2eb564857z-1,596,Naturesta,1000g  |  EGP 59.60/100g
noon,grocery,sauces,Ketchup 380g,https://www.noon.com/egypt-en/ketchup-380g/ZF99AAABF3A6E71C256F8Z/p/?o=zf99aaabf3a6e71c256f8z-1,38,Lavida,380g  |  EGP 10.00/100g
noon,grocery,sauces,Mustard 400grams,https://www.noon.com/egypt-en/mustard-400grams/N39930966A/p/?o=d14e2665eaa6fadd,64,Lavida,400g  |  EGP 16.00/100g
noon,grocery,sauces,Taco Topping Sauce Medium Roast 230grams  Single,https://www.noon.com/egypt-en/taco-topping-sauce-medium-roast-230grams-single/N53320334A/p/?o=f83e0ab2b772531c,129.5,Poco Loco,230g  |  EGP 56.30/100g
noon,grocery,sauces,Mayo mayonnaise sauce 380 g,https://www.noon.com/egypt-en/mayo-mayonnaise-sauce-380-g/ZEC4F3A5E25B058583D3EZ/p/?o=ae4890ee8eacc27e,130,Durra,380g  |  EGP 34.21/100g
noon,grocery,sauces,Saegh pomegranate molasses 550 g,https://www.noon.com/egypt-en/saegh-pomegranate-molasses-550-g/ZC52E42E8062F9C0E53BBZ/p/?o=zc52e42e8062f9c0e53bbz-1,110,Saegh,550g  |  EGP 20.00/100g
noon,grocery,sauces,Light Soy Sauce 320ml  Single,https://www.noon.com/egypt-en/light-soy-sauce-320ml-single/N41989241A/p/?o=be60beba244d967a,143.75,Tai Hua,320ml  |  EGP 44.92/100ml
noon,grocery,sauces,Durra Tomato Paste - 365g Glass Jar | Rich Texture & Authentic Natural Taste,https://www.noon.com/egypt-en/durra-tomato-paste-365g-glass-jar-rich-texture-authentic-natural-taste/Z452E32451BA2202BA19EZ/p/?o=z452e32451ba2202ba19ez-1,64.99,Durra,365g  |  EGP 17.81/100g
noon,grocery,sauces,Al-Tayyibat Lebanese Liquid Seasoning – Authentic EasMiddle Eastern Marinade & Flavor Enhancer – Premium Quality – 250ml BottleAl-Tayyibat Lebanese Liquid Seasoning – Authentic Middle tern Marinade & Flavor Enhancer – Premium Quality – 400ml Bottle,https://www.noon.com/egypt-en/al-tayyibat-lebanese-liquid-seasoning-authentic-easmiddle-eastern-marinade-flavor-enhancer-premium-quality-250ml-bottleal-tayyibat-lebanese-liquid-seasoning-authentic-middle-tern-marinade-flavor-enhancer-premium-quality-400ml-bottle/Z16DEB0EF397C97FEBCAEZ/p/?o=z16deb0ef397c97febcaez-1,59.99,altayebat,400g  |  EGP 15.00/100g
noon,grocery,sauces,Mustard Sauce 250grams,https://www.noon.com/egypt-en/mustard-sauce-250grams/N29042934A/p/?o=e1db78358a10526d,36.75,Mc Sauce,250g  |  EGP 14.70/100g
noon,grocery,sauces,Mustard Diet Sauce 266 grams,https://www.noon.com/egypt-en/mustard-diet-sauce-266-grams/Z3FA7C0BA3DF83939F190Z/p/?o=z3fa7c0ba3df83939f190z-1,180,Naturesta,266g  |  EGP 67.67/100g
noon,grocery,sauces,Superior light Soy sauce- 150 ml,https://www.noon.com/egypt-en/superior-light-soy-sauce-150-ml/Z9B0848164B2A8E09F610Z/p/?o=z9b0848164b2a8e09f610z-1,85,Haday,150ml  |  EGP 56.67/100ml
noon,grocery,sauces,Hand crafted Hot Sauce Pesto Hot Savce 200 GM,https://www.noon.com/egypt-en/hand-crafted-hot-sauce-pesto-hot-savce-200-gm/Z36946F324E2FBDD05607Z/p/?o=c4dec73124818c8c,250,Felfelaty,200g  |  EGP 125.00/100g
noon,grocery,sauces,Original Ketchup - Diet Sauce 79 grams,https://www.noon.com/egypt-en/original-ketchup-diet-sauce-79-grams/Z8E0BCCD13AED6B06BB46Z/p/?o=z8e0bccd13aed6b06bb46z-1,47,Naturesta,79g  |  EGP 59.49/100g
noon,grocery,sauces,Concentrated Pomegranate 340gm Molasses,https://www.noon.com/egypt-en/concentrated-pomegranate-340gm-molasses/ZC000271B1EDE7CDAD3DBZ/p/?o=zc000271b1ede7cdad3dbz-1,94.95,CHOiCE,340g  |  EGP 27.93/100g
noon,grocery,sauces,Real Mayonnaise Garlic 400grams Single,https://www.noon.com/egypt-en/real-mayonnaise-garlic-400grams-single/N52986118A/p/?o=d502b58efbce9b2f,211.95,American Garden,400g  |  EGP 52.99/100g
noon,grocery,sauces,Smart Value Lemon Juice Substitute 250Ml,https://www.noon.com/egypt-en/smart-value-lemon-juice-substitute-250ml/Z1BA4F17700E1E5572952Z/p/?o=z1ba4f17700e1e5572952z-1,34,Smart Value,250ml  |  EGP 13.60/100ml
noon,grocery,sauces,Coffee premium sauce 225 gm,https://www.noon.com/egypt-en/coffee-premium-sauce-225-gm/ZC0BB1D4EC71023A20F6DZ/p/?o=e15de3ddbc77467b,85,ASMACUP,225g  |  EGP 37.78/100g
noon,grocery,sauces,Durra Pizza Sauce - 350g | Rich Flavor & Authentic Taste,https://www.noon.com/egypt-en/durra-pizza-sauce-350g-rich-flavor-authentic-taste/Z3290F0DA7026A7042CE3Z/p/?o=z3290f0da7026a7042ce3z-1,74.99,Durra,350g  |  EGP 21.43/100g
noon,grocery,sauces,Black Food Coloring Gel 30ml,https://www.noon.com/egypt-en/black-food-coloring-gel-30ml/N49538628A/p/?o=cd8d50e98ab71ebc,38,DOBELLA,30ml  |  EGP 126.67/100ml
noon,grocery,sauces,Strawberry Concentrated Premium Sauce 750 GM,https://www.noon.com/egypt-en/strawberry-concentrated-premium-sauce-750-gm/ZDF6455B7C4AC0A5E4B21Z/p/?o=cff6d9b65193f81e,155,ASMACUP,750g  |  EGP 20.67/100g
noon,grocery,sauces,Mayonnaise Classic 200 grams,https://www.noon.com/egypt-en/mayonnaise-classic-200-grams/Z9A6158BE359F22185529Z/p/?o=z9a6158be359f22185529z-1,52,Good France,200g  |  EGP 26.00/100g
noon,grocery,sauces,Sriracha-cha Suace 260 gm - Pack of 3,https://www.noon.com/egypt-en/sriracha-cha-suace-260-gm-pack-of-3/Z633322DC6D4AF023248FZ/p/?o=c68218d0ac50dcde,239.76,Miam,780g  |  EGP 30.74/100g
noon,grocery,sauces,Chocolate Sauce premium-750 Gm Asmacup,https://www.noon.com/egypt-en/chocolate-sauce-premium-750-gm-asmacup/Z956125814A1D52280B04Z/p/?o=e295f6557cd1aebb,170,ASMACUP,750g  |  EGP 22.67/100g
noon,grocery,sauces,caramel premium  Sauce 750 Gm,https://www.noon.com/egypt-en/caramel-premium-sauce-750-gm/ZADFBAE12B57F6F7CD156Z/p/?o=fa228dabf5fb19ed,199,ASMACUP,750g  |  EGP 26.53/100g
noon,grocery,sauces,Saegh Pomegranate Molasses 350g Squeeze,https://www.noon.com/egypt-en/saegh-pomegranate-molasses-350g-squeeze/Z64C85D2F28170CAFD61BZ/p/?o=b60fbbdabb2adbbb,83,Saegh,350g  |  EGP 23.71/100g
noon,grocery,sauces,Pomegranate molasses to improve the digestive system 250ml,https://www.noon.com/egypt-en/pomegranate-molasses-to-improve-the-digestive-system-250ml/Z7BD257113D4DD5E02F19Z/p/?o=d798178084307b7a,99.1,Elhawag,250ml  |  EGP 39.64/100ml
noon,grocery,sauces,Tomato & Mushroom Sauce Jar 210ml,https://www.noon.com/egypt-en/tomato-mushroom-sauce-jar-210ml/Z05D4B197453C406DCB16Z/p/?o=e4a700e5403a01fa,129.5,Panzani,190ml  |  EGP 68.16/100ml
noon,grocery,sauces,100g dried grated onion,https://www.noon.com/egypt-en/100g-dried-grated-onion/Z94D6C3A953C9DBE37432Z/p/?o=aa2fd90a0c3b873e,67,Shana,100g  |  EGP 67.00/100g
noon,grocery,sauces,Sriracha sauce 340 grams Bundle,https://www.noon.com/egypt-en/sriracha-sauce-340-grams-bundle/Z985F603C91F06AB450C0Z/p/?o=ddf5b8ecf4b3671b,600,HEALTHY & TASTY,
noon,grocery,sauces,Soy Sauce For Seafood- 450 ml,https://www.noon.com/egypt-en/soy-sauce-for-seafood-450-ml/ZF4E7747F0B7B142EFD30Z/p/?o=zf4e7747f0b7b142efd30z-1,195,Haday,450ml  |  EGP 43.33/100ml
noon,grocery,sauces,Ketchup 340 grams Bundle,https://www.noon.com/egypt-en/ketchup-340-grams-bundle/Z641971D16A9171E3D421Z/p/?o=e677a2ab0f57c90e,600,HEALTHY & TASTY,380g  |  EGP 34.21/100g
noon,grocery,sauces,Pomegranate Molasses 350ml,https://www.noon.com/egypt-en/pomegranate-molasses-350ml/N47707258A/p/?o=e56f80c501dca7ac,78,Daria,350ml  |  EGP 22.29/100ml
noon,grocery,sauces,Mustard Sauce 5kg,https://www.noon.com/egypt-en/mustard-sauce-5kg/N34976234A/p/?o=d8fbe8790812012f,379.25,GIARDINO,5kg  |  EGP 7.58/100g
noon,grocery,sauces,Concentrated Lemon 330ml,https://www.noon.com/egypt-en/concentrated-lemon-330ml/N27747738A/p/?o=ae1798d12d7d923b,71,Yamama,330ml  |  EGP 21.52/100ml
noon,grocery,sauces,"Alwalimah Kabsa Spice Mix, 300g | Authentic Middle Eastern Seasoning Blend for Rice, Chicken & Meat Dishes | Traditional Saudi Flavor",https://www.noon.com/egypt-en/alwalimah-kabsa-spice-mix-300g-authentic-middle-eastern-seasoning-blend-for-rice-chicken-meat-dishes-traditional-saudi-flavor/Z1672662C9324EF07C720Z/p/?o=fa521f27f5fc1bcf,541,Al Walimah,300g  |  EGP 1.80/100g
noon,grocery,sauces,Smokey Chipotle BBQ Sauce - 5 kg,https://www.noon.com/egypt-en/smokey-chipotle-bbq-sauce-5-kg/Z4818F8DA6BAA75B8C047Z/p/?o=z4818f8da6baa75b8c047z-1,2304,Naturesta,5kg  |  EGP 46.08/100g
noon,grocery,sauces,Cherry Tomato With Olives Bruschetta Sauce 200grams,https://www.noon.com/egypt-en/cherry-tomato-with-olives-bruschetta-sauce-200grams/N43894907A/p/?o=aec2db9d64f92dfe,339.25,Agromonte,200g  |  EGP 169.62/100g
noon,grocery,sauces,Light Soy Sauce - 250 ml,https://www.noon.com/egypt-en/light-soy-sauce-250-ml/ZF80F4AECAFC5A190C6B5Z/p/?o=zf80f4aecafc5a190c6b5z-1,79.95,Gardenia,250ml  |  EGP 31.98/100ml
noon,grocery,sauces,Natural Pomegranate Molasses 250 ml,https://www.noon.com/egypt-en/natural-pomegranate-molasses-250-ml/ZA88B1031B2015948E8D6Z/p/?o=ac20dbced2864b9a,95,Elhawag,250ml  |  EGP 38.00/100ml
noon,grocery,sauces,Super Hot Sauce 79 Gram,https://www.noon.com/egypt-en/super-hot-sauce-79-gram/Z6118157A19DBBC527736Z/p/?o=z6118157a19dbbc527736z-1,81,Naturesta,79g  |  EGP 102.53/100g
noon,grocery,sauces,Cold Ketchup Sauce 7g,https://www.noon.com/egypt-en/cold-ketchup-sauce-7g/Z8D97C4A209A1E95C2E4EZ/p/?o=c7d64370e7349f2e,194,Bubuzy,1750g  |  EGP 11.09/100g
noon,grocery,sauces,Dark Soy Sauce 320ml Single,https://www.noon.com/egypt-en/dark-soy-sauce-320ml-single/N41989240A/p/?o=adcab78eaec0dcbe,163.5,Tai Hua,320ml  |  EGP 51.09/100ml
noon,grocery,sauces,Chili mayo mayonnaise sauce 380 g,https://www.noon.com/egypt-en/chili-mayo-mayonnaise-sauce-380-g/ZF6CFC9BAC2EEAC42B9E9Z/p/?o=c3ac75bbfd68969d,116,Durra,380g  |  EGP 30.53/100g
noon,grocery,sauces,Tomato Vinaigrette Dressing - 210 Gram,https://www.noon.com/egypt-en/tomato-vinaigrette-dressing-210-gram/Z6136025C8C8CFC7CDFC1Z/p/?o=z6136025c8c8cfc7cdfc1z-1,141,Naturesta,210g  |  EGP 67.14/100g
noon,grocery,sauces,Hot Chili Sauce And Lemon - Diet Sauce 180 grams,https://www.noon.com/egypt-en/hot-chili-sauce-and-lemon-diet-sauce-180-grams/ZAB926239DA994A5676CAZ/p/?o=zab926239da994a5676caz-1,187,Naturesta,180g  |  EGP 103.89/100g
noon,grocery,sauces,Hot Sriracha Sauce - Diet Sauce 1 kg,https://www.noon.com/egypt-en/hot-sriracha-sauce-diet-sauce-1-kg/ZDA934863F0444AA9A108Z/p/?o=zda934863f0444aa9a108z-1,631,Naturesta,1000g  |  EGP 63.10/100g
noon,grocery,sauces,Soy Sauce 500ml,https://www.noon.com/egypt-en/soy-sauce-500ml/N39019291A/p/?o=b42a4850009bb3cc,263,Heinz,500ml  |  EGP 52.60/100ml
noon,grocery,sauces,"Durra Mustard Sauce Squeeze Bottle 290g – Premium Smooth Mustard for Sandwiches, Hot Dogs, Burgers & Fast Food – Rich Flavor, Ready to Use, Easy Squeeze Packaging",https://www.noon.com/egypt-en/durra-mustard-sauce-squeeze-bottle-290g-premium-smooth-mustard-for-sandwiches-hot-dogs-burgers-fast-food-rich-flavor-ready-to-use-easy-squeeze-packaging/Z14E9DD62745A74F647DDZ/p/?o=z14e9dd62745a74f647ddz-1,69.99,Durra,290g  |  EGP 24.13/100g
noon,grocery,sauces,Easy Dip Sweet & Sour Sauce - 310g Squeeze Bottle | Perfect for Dipping and Stir-fry,https://www.noon.com/egypt-en/easy-dip-sweet-sour-sauce-310g-squeeze-bottle-perfect-for-dipping-and-stir-fry/ZA77FF0D461E44A26C9E6Z/p/?o=za77ff0d461e44a26c9e6z-1,79.9,Easy Dip,310g  |  EGP 25.77/100g
noon,grocery,sauces,Ketchup Spicy - 5 kg,https://www.noon.com/egypt-en/ketchup-spicy-5-kg/ZAD2DF559FBB28F76097AZ/p/?o=zad2df559fbb28f76097az-1,2185,Naturesta,5kg  |  EGP 43.70/100g
noon,grocery,sauces,KDD Tomato Paste - Pack of 2 (135g each) | 100% Natural & No Added Salt | Premium Quality Puree,https://www.noon.com/egypt-en/kdd-tomato-paste-pack-of-2-135g-each-100-natural-no-added-salt-premium-quality-puree/Z195C789A23FB1640C2E0Z/p/?o=d5b02e6e83747dba,199.95,KDD,270g  |  EGP 74.06/100g
noon,grocery,sauces,Sauce Wings and Buffalo Dip - 180 Gram,https://www.noon.com/egypt-en/sauce-wings-and-buffalo-dip-180-gram/Z7EE1E7EA4D646098165CZ/p/?o=z7ee1e7ea4d646098165cz-1,187,Naturesta,180g  |  EGP 103.89/100g
noon,grocery,sauces,Superior Dark Soy Sauce 500ml,https://www.noon.com/egypt-en/superior-dark-soy-sauce-500ml/N29595819A/p/?o=ad0dd4f906f8280d,263,Heinz,500ml  |  EGP 52.60/100ml
noon,grocery,sauces,Classic Soya Sauce 150ml,https://www.noon.com/egypt-en/classic-soya-sauce-150ml/N29595821A/p/?o=ece79b3a48d6ee9a,132,Heinz,150ml  |  EGP 88.00/100ml
noon,grocery,sauces,BBQ Sauce-Chili Sauce 250ml,https://www.noon.com/egypt-en/bbq-sauce-chili-sauce-250ml/N47696700A/p/?o=b632d27abfdc99af,134,Remia,250ml  |  EGP 53.60/100ml
noon,grocery,sauces,Ketchup Mayo 400grams,https://www.noon.com/egypt-en/ketchup-mayo-400grams/N30328293A/p/?o=fb56a2e8ab77930c,72.75,Good France,400g  |  EGP 18.19/100g
noon,grocery,sauces,Tomato Puree Sauce 800g,https://www.noon.com/egypt-en/tomato-puree-sauce-800g/Z4980F831114C814EF59EZ/p/?o=d990ef74293c14ef,95,Saegh,800g  |  EGP 11.88/100g
noon,grocery,sauces,"Durra Hot Pepper Paste 370g – Authentic Middle Eastern Red Chili Paste, Rich Flavor & Spicy Taste, Premium Quality Paprika Paste for Cooking, Marinades & Sauces",https://www.noon.com/egypt-en/durra-hot-pepper-paste-370g-authentic-middle-eastern-red-chili-paste-rich-flavor-spicy-taste-premium-quality-paprika-paste-for-cooking-marinades-sauces/Z378296018A044BAF6221Z/p/?o=z378296018a044baf6221z-1,80,Durra,370g  |  EGP 21.62/100g
noon,grocery,sauces,Original Hot Sauce - Diet Sauce 1 kg,https://www.noon.com/egypt-en/original-hot-sauce-diet-sauce-1-kg/Z25960DB2B73CB90E6163Z/p/?o=z25960db2b73cb90e6163z-1,631,Naturesta,1000g  |  EGP 63.10/100g
noon,grocery,sauces,Puree Tomato Herbs & Garlic - 210 Gram,https://www.noon.com/egypt-en/puree-tomato-herbs-garlic-210-gram/Z6A7538D60FCCDFEACD81Z/p/?o=z6a7538d60fccdfeacd81z-1,127,Naturesta,210g  |  EGP 60.48/100g
noon,grocery,sauces,"altayebat Hot Sauce – Authentic Spicy Chili Pepper Condiment, 380ml Bottle",https://www.noon.com/egypt-en/altayebat-hot-sauce-authentic-spicy-chili-pepper-condiment-380ml-bottle/Z589859FB6B4B15FEABA4Z/p/?o=z589859fb6b4b15feaba4z-1,59.99,altayebat,380ml  |  EGP 15.79/100ml
noon,grocery,sauces,Rana Classic Hot Sauce with Aged Peppers and Lemon - 474g,https://www.noon.com/egypt-en/rana-classic-hot-sauce-with-aged-peppers-and-lemon-474g/ZA11C7CD1A62765385B25Z/p/?o=e2ac2e04c6dbbd1e,350,Rana,474g  |  EGP 0.74/100g
noon,grocery,sauces,Burger sauce 380 g,https://www.noon.com/egypt-en/burger-sauce-380-g/Z0C223B5ADE735B9C6147Z/p/?o=bbdc262c29ef550c,167,Durra,380g  |  EGP 43.95/100g
noon,grocery,sauces,Light Mayonnaise - 400 ml,https://www.noon.com/egypt-en/light-mayonnaise-400-ml/Z0AAC88AFAD4FFA239BBCZ/p/?o=z0aac88afad4ffa239bbcz-1,211.95,American Garden,400ml  |  EGP 52.99/100ml
noon,grocery,sauces,Harissa Dressing 400grams,https://www.noon.com/egypt-en/harissa-dressing-400grams/N30328300A/p/?o=f4da6d7f13a3379c,87,Good France,400g  |  EGP 21.75/100g
noon,grocery,sauces,Lemon Juice Substitute 1Liters,https://www.noon.com/egypt-en/lemon-juice-substitute-1liters/N12281285A/p/?o=ff5bd4b02d7088cf,113.75,Yamama,1000ml  |  EGP 11.38/100ml
noon,grocery,sauces,Honey Mustard 340 g,https://www.noon.com/egypt-en/honey-mustard-340-g/ZD35485BA8F75CC87E9EAZ/p/?o=zd35485ba8f75cc87e9eaz-1,70,Lavida,340g  |  EGP 20.59/100g
noon,grocery,sauces,Cheddar Sauce 400grams,https://www.noon.com/egypt-en/cheddar-sauce-400grams/N30328299A/p/?o=deacfad887ac354c,122,Good France,400g  |  EGP 30.50/100g
noon,grocery,sauces,Hot Tomato Ketchup 320grams,https://www.noon.com/egypt-en/hot-tomato-ketchup-320grams/N34976221A/p/?o=b447aea6b9edb03b,42.5,GIARDINO,320g  |  EGP 13.28/100g
noon,grocery,sauces,Sweet Chili Sauce 340 grams,https://www.noon.com/egypt-en/sweet-chili-sauce-340-grams/Z7114C6C9F723F7FA0BB3Z/p/?o=z7114c6c9f723f7fa0bb3z-1,210,HEALTHY & TASTY,340g  |  EGP 61.76/100g
noon,grocery,sauces,Chocolate Dark Sauce Squeeze - 480 Gm,https://www.noon.com/egypt-en/chocolate-dark-sauce-squeeze-480-gm/Z8BFE1EE691A9070AA87BZ/p/?o=z8bfe1ee691a9070aa87bz-1,135,ASMACUP,480g  |  EGP 28.12/100g
noon,grocery,sauces,Tayebat Pure Pomegranate Molasses & Soy Sauce + Natural Apple Vinegar Gift,https://www.noon.com/egypt-en/tayebat-pure-pomegranate-molasses-soy-sauce-natural-apple-vinegar-gift/ZD3631C76A02EAC931519Z/p/?o=zd3631c76a02eac931519z-1,120,altayebat,
noon,grocery,sauces,"Crystal Original Hot Sauce, Authentic Cayenne Pepper Sauce, 88 ml Bottle",https://www.noon.com/egypt-en/crystal-original-hot-sauce-authentic-cayenne-pepper-sauce-88-ml-bottle/Z0D87390CBBF5604449FFZ/p/?o=ecec14121a9f9e6a,129,Crystal,88ml  |  EGP 146.59/100ml
noon,grocery,sauces,Hot Sauce Chipotle - 79 Gram,https://www.noon.com/egypt-en/hot-sauce-chipotle-79-gram/Z07A14DDFBA172669109DZ/p/?o=z07a14ddfba172669109dz-1,81,Naturesta,79g  |  EGP 102.53/100g
noon,grocery,sauces,"KDD Béchamel Sauce 1L – Creamy White Cooking Sauce for Pasta, Lasagna & Baked Dishes – Ready to Use Cooking Sauce",https://www.noon.com/egypt-en/kdd-b-chamel-sauce-1l-creamy-white-cooking-sauce-for-pasta-lasagna-baked-dishes-ready-to-use-cooking-sauce/Z0828C306AE7392603863Z/p/?o=f030e2233624c32e,616.25,KDD,1000ml  |  EGP 61.62/100ml
noon,grocery,sauces,Chocolate Sauce premium-750 Gm Asmacup,https://www.noon.com/egypt-en/chocolate-sauce-premium-750-gm-asmacup/Z956125814A1D52280B04Z/p/?o=e295f6557cd1aebb,170,ASMACUP,750g  |  EGP 22.67/100g
noon,grocery,sauces,caramel premium  Sauce 750 Gm,https://www.noon.com/egypt-en/caramel-premium-sauce-750-gm/ZADFBAE12B57F6F7CD156Z/p/?o=fa228dabf5fb19ed,199,ASMACUP,750g  |  EGP 26.53/100g
noon,grocery,sauces,Saegh Pomegranate Molasses 350g Squeeze,https://www.noon.com/egypt-en/saegh-pomegranate-molasses-350g-squeeze/Z64C85D2F28170CAFD61BZ/p/?o=b60fbbdabb2adbbb,83,Saegh,350g  |  EGP 23.71/100g
noon,grocery,sauces,Dark Soy Sauce - 250 ml,https://www.noon.com/egypt-en/dark-soy-sauce-250-ml/ZDA66B77CFA03A4F28210Z/p/?o=zda66b77cfa03a4f28210z-1,79.95,SUN GARDEN,250ml  |  EGP 31.98/100ml
noon,grocery,sauces,Olive Pasta Sauce 360grams,https://www.noon.com/egypt-en/olive-pasta-sauce-360grams/N38793018A/p/?o=a280e9a55a1fcbdd,94.75,Puidor,360g  |  EGP 26.32/100g
noon,grocery,sauces,Mustard Sauce 5 kg,https://www.noon.com/egypt-en/mustard-sauce-5-kg/ZD87A7FB20C3FF37DB0F6Z/p/?o=zd87a7fb20c3ff37db0f6z-1,385.5,Chefy Mix,5kg  |  EGP 7.71/100g
noon,grocery,sauces,Lebanese Cooking Sauce 360grams,https://www.noon.com/egypt-en/lebanese-cooking-sauce-360grams/N38793020A/p/?o=f131c685003b121d,94.75,Puidor,360g  |  EGP 26.32/100g
noon,grocery,sauces,Squeeze Bottle Mustard 300 GM,https://www.noon.com/egypt-en/squeeze-bottle-mustard-300-gm/Z5E81D654CB5A1603D68CZ/p/?o=z5e81d654cb5a1603d68cz-1,47.75,Bubuzy,300g  |  EGP 15.92/100g
noon,grocery,sauces,Puree Tomato Salt Pepper & Onion - 210 Gram,https://www.noon.com/egypt-en/puree-tomato-salt-pepper-onion-210-gram/Z3B1C059B340523524040Z/p/?o=z3b1c059b340523524040z-1,127,Naturesta,210g  |  EGP 60.48/100g
noon,grocery,sauces,Sweet chili sauce 900ml,https://www.noon.com/egypt-en/sweet-chili-sauce-900ml/Z9B0501C09BAE743F9F8DZ/p/?o=z9b0501c09bae743f9f8dz-1,159,SUN GARDEN,900ml  |  EGP 17.67/100ml
noon,grocery,sauces,"Sweet Chili Sauce with Pineapple 700ml – Asian Fruity Sauce for Stir Fry, Marinades & Dipping",https://www.noon.com/egypt-en/sweet-chili-sauce-with-pineapple-700ml-asian-fruity-sauce-for-stir-fry-marinades-dipping/Z42B78141DC5A54E77A25Z/p/?o=dfa53e61b18056ef,350,Mr.HUNG,700ml  |  EGP 0.50/100ml
noon,grocery,sauces,Sesame Oil 250ml  Single,https://www.noon.com/egypt-en/sesame-oil-250ml-single/N52996297A/p/?o=bfdf8c20e64a1a7a,280,NABTAH,250ml  |  EGP 112.00/100ml
noon,grocery,sauces,Sweet Chili Sauce Bucket 3.5 kg,https://www.noon.com/egypt-en/sweet-chili-sauce-bucket-3-5-kg/Z5C255BAC06A10D845B04Z/p/?o=f03346d9984ca28a,422.25,Add-Me,3.5kg  |  EGP 12.06/100g
noon,grocery,sauces,SRIRACHA Hot Chili Sauce – Squeeze Bottle 220ml | Thai Spicy Sauce,https://www.noon.com/egypt-en/sriracha-hot-chili-sauce-squeeze-bottle-220ml-thai-spicy-sauce/Z43EBBA8BCB41DB0EFC02Z/p/?o=d8068580ea23052c,200,Mr.HUNG,220ml  |  EGP 0.91/100ml
noon,grocery,sauces,"KDD Bechamel Sauce (500ml) – Ready-to-Use Creamy White Sauce – Rich & Velvety Texture for Pasta Bechamel, Lasagna, and Gratins – Long-Life UHT Liquid Base",https://www.noon.com/egypt-en/kdd-bechamel-sauce-500ml-ready-to-use-creamy-white-sauce-rich-velvety-texture-for-pasta-bechamel-lasagna-and-gratins-long-life-uht-liquid-base/Z36957C2735EE0C48F32EZ/p/?o=f9b1bdeba9c67f0c,369.75,KDD,500ml  |  EGP 73.95/100ml
noon,grocery,sauces,Hot Sauce Chipotle - 180 Gram,https://www.noon.com/egypt-en/hot-sauce-chipotle-180-gram/Z1F43ABC2D584DDA1D967Z/p/?o=z1f43abc2d584dda1d967z-1,195,Naturesta,180g  |  EGP 108.33/100g
noon,grocery,sauces,Rana Hot Sauce – Pack of 3 Bottles – Strong Spicy Flavor for Daily Use – Imported Product,https://www.noon.com/egypt-en/rana-hot-sauce-pack-of-3-bottles-strong-spicy-flavor-for-daily-use-imported-product/ZF536E55F6094B83D803DZ/p/?o=aa0c93aa234d068a,330,Rana,3 pieces  |  EGP 110.00/piece
noon,grocery,sauces,BBQ 340 grams Bundle,https://www.noon.com/egypt-en/bbq-340-grams-bundle/Z320796BF6F709379FF0AZ/p/?o=e66b5d08eb64affb,600,HEALTHY & TASTY,79g  |  EGP 102.53/100g
noon,grocery,sauces,Sweet Chili Sauce Bottle235ml,https://www.noon.com/egypt-en/sweet-chili-sauce-bottle235ml/ZBF8047C839CCE6FD404DZ/p/?o=zbf8047c839cce6fd404dz-1,227,Real Thai,235ml  |  EGP 96.60/100ml
noon,grocery,sauces,BBQ Sauce 310g,https://www.noon.com/egypt-en/bbq-sauce-310g/Z143F81E491D6467D9CC8Z/p/?o=c80e0d2151cfc9fd,45,Bubuzy,310g  |  EGP 14.52/100g
noon,grocery,sauces,BBQ Sauce 370grams,https://www.noon.com/egypt-en/bbq-sauce-370grams/N29595820A/p/?o=c07618f70b13a88b,246,Heinz,370g  |  EGP 66.49/100g
noon,grocery,sauces,Super Hot Sauce - 180 Gram,https://www.noon.com/egypt-en/super-hot-sauce-180-gram/Z52EB06615C1EDBE25B11Z/p/?o=z52eb06615c1edbe25b11z-1,195,Naturesta,180g  |  EGP 108.33/100g
noon,grocery,sauces,Superior Light Soy Sauce 500 ml,https://www.noon.com/egypt-en/superior-light-soy-sauce-500-ml/ZEE7A507D4273CCC2E080Z/p/?o=zee7a507d4273ccc2e080z-1,163,Royal Arm,70g  |  EGP 232.86/100g
noon,grocery,sauces,Easy Dip Sriracha Sauce - 340g - Hot Chili All-Purpose Dipping & Seasoning Sauce,https://www.noon.com/egypt-en/easy-dip-sriracha-sauce-340g-hot-chili-all-purpose-dipping-seasoning-sauce/ZC007A2D9ADAB26393B2FZ/p/?o=zc007a2d9adab26393b2fz-1,79.9,Easy Dip,340g  |  EGP 23.50/100g
noon,grocery,sauces,"Al-Tayyibat Barbecue Sauce – Rich Smoky Flavor, Perfect for Grilled Meat & Chicken – 250ml Bottle",https://www.noon.com/egypt-en/al-tayyibat-barbecue-sauce-rich-smoky-flavor-perfect-for-grilled-meat-chicken-250ml-bottle/Z5E62C139FDC7BF147B82Z/p/?o=z5e62c139fdc7bf147b82z-1,59.99,altayebat,250ml  |  EGP 24.00/100ml
noon,grocery,sauces,Ketchup Sauce 340 grams,https://www.noon.com/egypt-en/ketchup-sauce-340-grams/Z7A3D74D9D2A65D48976DZ/p/?o=z7a3d74d9d2a65d48976dz-1,43.5,Chefy Mix,340g  |  EGP 12.79/100g
noon,grocery,sauces,Sriracha Green Chilli Sauce 200ml  Single,https://www.noon.com/egypt-en/sriracha-green-chilli-sauce-200ml-single/N42868023A/p/?o=a393e1c081929b8e,182,Flying Goose,200ml  |  EGP 91.00/100ml
noon,grocery,sauces,Thai Sriracha Chili Sauce 430ml,https://www.noon.com/egypt-en/thai-sriracha-chili-sauce-430ml/Z7963A2319BD1ED901A16Z/p/?o=z7963a2319bd1ed901a16z-1,240,Real Thai,430ml  |  EGP 55.81/100ml
noon,grocery,sauces,Pickled Hot Chili With Glass Bottle - 370 grams,https://www.noon.com/egypt-en/pickled-hot-chili-with-glass-bottle-370-grams/Z247B3CE9FF37557E5EF9Z/p/?o=z247b3ce9ff37557e5ef9z-1,53,Gardenia,370g  |  EGP 14.32/100g
noon,grocery,sauces,Dark Soy Sauce - 150 ml,https://www.noon.com/egypt-en/dark-soy-sauce-150-ml/ZA067DB2DEF4DA51F971AZ/p/?o=za067db2def4da51f971az-1,51,SUN GARDEN,150ml  |  EGP 34.00/100ml
noon,grocery,sauces,Sweet Chili Sauce 700ml  Single,https://www.noon.com/egypt-en/sweet-chili-sauce-700ml-single/N44423698A/p/?o=eb5cc648a7b4415c,226,Sunlee,700ml  |  EGP 32.29/100ml
noon,grocery,sauces,Green Hot Sauce - Diet Sauce 1 kg,https://www.noon.com/egypt-en/green-hot-sauce-diet-sauce-1-kg/Z93F45665D0A13049A88BZ/p/?o=z93f45665d0a13049a88bz-1,631,Naturesta,1000g  |  EGP 63.10/100g
noon,grocery,sauces,Soy Sauce 300ml,https://www.noon.com/egypt-en/soy-sauce-300ml/N28676070A/p/?o=f14ab3240ab092cc,164,Yamama,300ml  |  EGP 54.67/100ml
noon,grocery,sauces,"Sweet Chili Sauce 700ml Tangy Spicy Asian Sauce for Stir-Fry, Dipping & Marinades",https://www.noon.com/egypt-en/sweet-chili-sauce-700ml-tangy-spicy-asian-sauce-for-stir-fry-dipping-marinades/ZECF7AB884C9E1C635E6AZ/p/?o=d967446ac20d43cd,350,Mr.HUNG,700ml  |  EGP 0.50/100ml
noon,grocery,sauces,Light Soy Sauce - 150 ml,https://www.noon.com/egypt-en/light-soy-sauce-150-ml/Z4D359546F9D94D584FE3Z/p/?o=z4d359546f9d94d584fe3z-1,51,SUN GARDEN,300ml  |  EGP 17.00/100ml
noon,grocery,sauces,Mayonnaise Classic 385gm,https://www.noon.com/egypt-en/mayonnaise-classic-385gm/ZF0804EFC8A2E91D3CED6Z/p/?o=zf0804efc8a2e91d3ced6z-1,100,Lavida,385g  |  EGP 25.97/100g
noon,grocery,sauces,Rana Hot Sauce – Pack of 2 Bottles – Rich Spicy Flavor for Cooking & Serving – Imported Product,https://www.noon.com/egypt-en/rana-hot-sauce-pack-of-2-bottles-rich-spicy-flavor-for-cooking-serving-imported-product/ZAE19A254B794585285AEZ/p/?o=fa60360428159d9b,240,Rana,2 pieces  |  EGP 120.00/piece
noon,grocery,sauces,Bbq Sauce Bucket - 5 kg,https://www.noon.com/egypt-en/bbq-sauce-bucket-5-kg/ZB4B2A8F7A1C71FA18535Z/p/?o=zb4b2a8f7a1c71fa18535z-1,383,Add-Me,5kg  |  EGP 7.66/100g
noon,grocery,sauces,Liquid Lemon Juice - 250ml,https://www.noon.com/egypt-en/liquid-lemon-juice-250ml/N43406301A/p/?o=d951b25d97f9e42f,45.5,CHOiCE,250ml  |  EGP 18.20/100ml
noon,grocery,sauces,Green Olives Bruschetta Sauce 200grams,https://www.noon.com/egypt-en/green-olives-bruschetta-sauce-200grams/N43894912A/p/?o=caef8755ee73825d,339.25,Agromonte,200g  |  EGP 169.62/100g
noon,grocery,sauces,BBQ Sauce Gold - 5 kg,https://www.noon.com/egypt-en/bbq-sauce-gold-5-kg/ZCA09537277E47B922BF0Z/p/?o=zca09537277e47b922bf0z-1,2304,Naturesta,5kg  |  EGP 46.08/100g
noon,grocery,sauces,Sauce Wings and Buffalo Dip - 1 kg,https://www.noon.com/egypt-en/sauce-wings-and-buffalo-dip-1-kg/ZA8A0834F42E90C38AAAFZ/p/?o=za8a0834f42e90c38aaafz-1,908,Naturesta,1000g  |  EGP 90.80/100g
noon,grocery,sauces,Norma Pasta Sauce of Cherry Tomato And Eggplant 260grams,https://www.noon.com/egypt-en/norma-pasta-sauce-of-cherry-tomato-and-eggplant-260grams/N43894902A/p/?o=a7466eabfc5752ac,190.25,Agromonte,260g  |  EGP 73.17/100g
noon,grocery,sauces,Sweet Chili Sauce 340 grams Bundle,https://www.noon.com/egypt-en/sweet-chili-sauce-340-grams-bundle/Z26BA4398BFE291E3D000Z/p/?o=ec32176672b1520d,600,HEALTHY & TASTY,
noon,grocery,sauces,Durra Barbecue Sauce - 290g - Premium Smoky Flavor for Grilling and Dipping,https://www.noon.com/egypt-en/durra-barbecue-sauce-290g-premium-smoky-flavor-for-grilling-and-dipping/Z938951F7C69D98CFFE43Z/p/?o=z938951f7c69d98cffe43z-1,65,Durra,290g  |  EGP 22.41/100g
noon,grocery,sauces,Barbecue Sauce 570grams,https://www.noon.com/egypt-en/barbecue-sauce-570grams/N29779225A/p/?o=e3448557b8b2177e,300,Heinz,570g  |  EGP 52.63/100g
noon,grocery,sauces,Spicy BBQ Sauce - 5 kg,https://www.noon.com/egypt-en/spicy-bbq-sauce-5-kg/ZA42193B91D27B2B601DAZ/p/?o=za42193b91d27b2b601daz-1,2304,Naturesta,5kg  |  EGP 46.08/100g
noon,grocery,sauces,Saegh pomegranate molasses 275 g,https://www.noon.com/egypt-en/saegh-pomegranate-molasses-275-g/Z7FDB4F87D0969100ACDBZ/p/?o=z7fdb4f87d0969100acdbz-1,62,Saegh,275g  |  EGP 22.55/100g
noon,grocery,sauces,"Rana Jalapeńo Hot Sauce – Spicy Green Chili Sauce with Tangy Flavor | Pack of 3 Bottles | Perfect for Tacos, Burgers, Pizza & Grilled Foods | Authentic Hot Pepper Taste",https://www.noon.com/egypt-en/rana-jalape-o-hot-sauce-spicy-green-chili-sauce-with-tangy-flavor-pack-of-3-bottles-perfect-for-tacos-burgers-pizza-grilled-foods-authentic-hot-pepper-taste/Z5D155AE9FF69652ED439Z/p/?o=dbee16e4fd3dde2e,288,Rana,3 pieces  |  EGP 96.00/piece
noon,grocery,sauces,85% YELLOW GHOST sauce,https://www.noon.com/egypt-en/85-yellow-ghost-sauce/ZBE2AEE45F295EDEB14EFZ/p/?o=eb5b1a1464f2a42a,250,Felfelaty,200ml  |  EGP 1.25/100ml
noon,grocery,sauces,Honey mustard sauce 340 grams Bundle,https://www.noon.com/egypt-en/honey-mustard-sauce-340-grams-bundle/Z65E9C6CCC8F431186205Z/p/?o=c852d8dfaa885ffe,600,HEALTHY & TASTY,266g  |  EGP 67.67/100g
noon,grocery,sauces,"Rana Extra Hot Sauce 100g Pack of 2 – Spicy Chili Pepper Sauce, Bold Flavor Hot Sauce for Pizza, Burgers, Shawarma & Snacks",https://www.noon.com/egypt-en/rana-extra-hot-sauce-100g-pack-of-2-spicy-chili-pepper-sauce-bold-flavor-hot-sauce-for-pizza-burgers-shawarma-snacks/Z5929ADC96D1EAAFBC4FAZ/p/?o=ec711cdd8fe2d87e,199.98,Rana,200g  |  EGP 99.99/100g
noon,grocery,sauces,"Rana Original Chili Sauce, Authentic Saudi Spicy Sauce for Dipping & Cooking, 100ml Bottle",https://www.noon.com/egypt-en/rana-original-chili-sauce-authentic-saudi-spicy-sauce-for-dipping-cooking-100ml-bottle/Z504254D11FA9A64CAF38Z/p/?o=cd25ab6dd885772a,139,Rana,100ml  |  EGP 139.00/100ml
noon,grocery,sauces,Chocolate Sauce premium-750 Gm Asmacup,https://www.noon.com/egypt-en/chocolate-sauce-premium-750-gm-asmacup/Z956125814A1D52280B04Z/p/?o=e295f6557cd1aebb,170,ASMACUP,750g  |  EGP 22.67/100g
noon,grocery,sauces,caramel premium  Sauce 750 Gm,https://www.noon.com/egypt-en/caramel-premium-sauce-750-gm/ZADFBAE12B57F6F7CD156Z/p/?o=fa228dabf5fb19ed,199,ASMACUP,750g  |  EGP 26.53/100g
noon,grocery,sauces,Saegh Pomegranate Molasses 350g Squeeze,https://www.noon.com/egypt-en/saegh-pomegranate-molasses-350g-squeeze/Z64C85D2F28170CAFD61BZ/p/?o=b60fbbdabb2adbbb,83,Saegh,350g  |  EGP 23.71/100g
noon,grocery,sauces,Rana Hot Sauce - 474 ML,https://www.noon.com/egypt-en/rana-hot-sauce-474-ml/ZB5667A1170CE0B21DBBCZ/p/?o=f122ae7e029c5ebf,288,Rana,474ml  |  EGP 0.61/100ml
noon,grocery,sauces,Harissa Chilli 355 gm,https://www.noon.com/egypt-en/harissa-chilli-355-gm/Z54913006FB5DDD9B6EA9Z/p/?o=z54913006fb5ddd9b6ea9z-1,43,Lavida,355g  |  EGP 12.11/100g
noon,grocery,sauces,????? ??????? ????? ??????? 800 ????,https://www.noon.com/egypt-en/800/Z71F7173528923DD8A37CZ/p/?o=z71f7173528923dd8a37cz-1,123,???,800g  |  EGP 15.38/100g
noon,grocery,sauces,??? ???? ???? ??? ???? 480 ??,https://www.noon.com/egypt-en/480/Z41CE5302DCEB5B04C88FZ/p/?o=z41ce5302dceb5b04c88fz-1,130,??????,480g  |  EGP 0.27/100g
noon,grocery,sauces,Heinz Hot Tomato Ketchup - 285g - Pack of 2,https://www.noon.com/egypt-en/heinz-hot-tomato-ketchup-285g-pack-of-2/Z94F8CCE6110E1A32B006Z/p/?o=fc0626708261bdcb,177,Heinz,570g  |  EGP 31.05/100g
noon,grocery,sauces,??? ????? ????? – 800 ???? × 3 ????? | ????? ????? ???? ???? ??? ?????,https://www.noon.com/egypt-en/800-3/Z9FDEF82F5050D06C4F9CZ/p/?o=z9fdef82f5050d06c4f9cz-1,299.99,???,2.4kg  |  EGP 12.50/100g
noon,grocery,sauces,Durra Tomato Paste Double Concentrate – 4400g | Rich & Thick Tomato Paste for Cooking,https://www.noon.com/egypt-en/durra-tomato-paste-double-concentrate-4400g-rich-thick-tomato-paste-for-cooking/Z544387540FA5A18A3956Z/p/?o=z544387540fa5a18a3956z-1,425,Durra,4.4kg  |  EGP 9.66/100g
noon,grocery,sauces,Al Tayebat Pro Sauce Cold Ketchup - 500 gm,https://www.noon.com/egypt-en/al-tayebat-pro-sauce-cold-ketchup-500-gm/Z3485BF79B5313F0429E1Z/p/?o=z3485bf79b5313f0429e1z-1,49.99,Generic,500g  |  EGP 10.00/100g
noon,grocery,sauces,???????? ?????? ???? ??? - 1 ???,https://www.noon.com/egypt-en/1/ZDD539E3C317DF621CB53Z/p/?o=zdd539e3c317df621cb53z-1,485,????????,1000g  |  EGP 48.50/100g
source,grocery,sauces,Guilt Free Sauce - Zero Added Sugar - Berries - 350Ml,https://www.noon.com/egypt-en/guilt-free-sauce-zero-added-sugar-berries-350ml/ZA6AA45C37E54FD17D2D3Z/p/?o=bd59b19e6f7c1d3e,200,Organic Nation,350ml  |  EGP 57.14/100ml
noon,grocery,sauces,????? ???? ???? 400 ?? – ????? ???? ???????? ???? ?????? ??????? ???? ??????????,https://www.noon.com/egypt-en/400/Z3348EBD755C3E6388C39Z/p/?o=e7b7553d4f465c9a,370,??????,400g  |  EGP 0.92/100g
noon,grocery,sauces,???? ???? ???????? ?????? ?????? 125 ??,https://www.noon.com/egypt-en/125/Z9A65C3593FE664A61166Z/p/?o=cc1a6c705a253eab,125,???????,125ml  |  EGP 100.00/100ml
noon,grocery,sauces,Durra Tomato Paste – Premium Quality – Rich Natural Flavor – 2.8 kg Family Size Can,https://www.noon.com/egypt-en/durra-tomato-paste-premium-quality-rich-natural-flavor-2-8-kg-family-size-can/Z16EEA1B218918A3D1142Z/p/?o=z16eea1b218918a3d1142z-1,270,Durra,2.8kg  |  EGP 9.64/100g
noon,grocery,sauces,Pizza & Pasta Sauce - 340 gm,https://www.noon.com/egypt-en/pizza-pasta-sauce-340-gm/ZF987DDE72F1FE9FE78ACZ/p/?o=zf987dde72f1fe9fe78acz-1,75,Easy Dip,340g  |  EGP 22.06/100g
noon,grocery,sauces,Altayebat BBQ Sauce 250ml,https://www.noon.com/egypt-en/altayebat-bbq-sauce-250ml/Z2C97357C068E23457D15Z/p/?o=z2c97357c068e23457d15z-1,54.99,altayebat,250ml  |  EGP 22.00/100ml
noon,grocery,sauces,???? ??? ???? ??? 280 ????,https://www.noon.com/egypt-en/280/Z568FD03905F629529EDAZ/p/?o=z568fd03905f629529edaz-1,57,????,280g  |  EGP 20.36/100g
noon,grocery,sauces,????? ????? ???? ??????????? 480 ??,https://www.noon.com/egypt-en/480/Z43EFDEFA3FFAF5ED2A70Z/p/?o=z43efdefa3ffaf5ed2a70z-1,145,??????,480g  |  EGP 30.21/100g
noon,grocery,sauces,???? 350 ?? ??????,https://www.noon.com/egypt-en/350/Z000316E4B525960C78AAZ/p/?o=z000316e4b525960c78aaz-1,70,??????,350g  |  EGP 20.00/100g
noon,grocery,sauces,Black Olive Paste With Hot Pepper 300grams (Pack of 2),https://www.noon.com/egypt-en/black-olive-paste-with-hot-pepper-300grams-pack-of-2/Z13DE8C5980AB0008B8DCZ/p/?o=dfac859c46bcd82c,59,Wadi Food,
noon,grocery,sauces,???? ??? 250 ??,https://www.noon.com/egypt-en/250/ZCEE4C64150F47B0A8E80Z/p/?o=b0397ecebee1704f,99,????,250ml  |  EGP 39.60/100ml
noon,grocery,sauces,??? ???? ?????? - 3.25 ???,https://www.noon.com/egypt-en/3-25/Z46F3CC2C71E607DF6588Z/p/?o=b7d3cad68d6e49bf,531.25,?? ??,3.25kg  |  EGP 16.35/100g
noon,grocery,sauces,Cheddar Daddy Sauce 280 gm - pack of 3,https://www.noon.com/egypt-en/cheddar-daddy-sauce-280-gm-pack-of-3/Z8A9A09988F18B7E47B38Z/p/?o=ac7157801553b94f,288.36,Miam,840g  |  EGP 34.33/100g
noon,grocery,sauces,"Wasabi Paste Sachets 2.5g Pack of 10 for Sushi, Sashimi, Seafood, Noodles and Meals",https://www.noon.com/egypt-en/wasabi-paste-sachets-2-5g-pack-of-10-for-sushi-sashimi-seafood-noodles-and-meals/Z3E9BD4C5517014C803A4Z/p/?o=bf09c61a139fc33a,90,Generic,10 pieces  |  EGP 9.00/piece
noon,grocery,sauces,Hand crafted Hot Sauce Lemon 200 GM,https://www.noon.com/egypt-en/hand-crafted-hot-sauce-lemon-200-gm/Z01B02F9E91ECC369A04DZ/p/?o=de5dfa7fc06b3a3e,250,Felfelaty,200g  |  EGP 125.00/100g
noon,grocery,sauces,Natural Tahini - 700 gm - No Additives or Preservatives,https://www.noon.com/egypt-en/natural-tahini-700-gm-no-additives-or-preservatives/Z59879E6B94290E631ED2Z/p/?o=f25b557a03a7f2ca,195,Alloloa,
noon,grocery,sauces,Alternative Lemon Sour - 250 ml,https://www.noon.com/egypt-en/alternative-lemon-sour-250-ml/Z40E3EAA8C136247AF563Z/p/?o=z40e3eaa8c136247af563z-1,65.5,SUN GARDEN,500ml  |  EGP 13.10/100ml
noon,grocery,sauces,"Sweet & Sour Sauce 700ml | Tangy Fruity Asian Sauce for Stir-Fry, Marinades & Dipping",https://www.noon.com/egypt-en/sweet-sour-sauce-700ml-tangy-fruity-asian-sauce-for-stir-fry-marinades-dipping/ZE6726E79667393360DC2Z/p/?o=fbaa1eaa89fa3cfb,350,Mr.HUNG,700ml  |  EGP 0.50/100ml
noon,grocery,sauces,Heinz Dynamite Sauce – 225ml,https://www.noon.com/egypt-en/heinz-dynamite-sauce-225ml/Z9E2C994FFEDDE84E8BE7Z/p/?o=b7f1dc94e7a0f39c,233,Heinz,225ml  |  EGP 103.56/100ml
noon,grocery,sauces,Tomato Paste Tin 3kg,https://www.noon.com/egypt-en/tomato-paste-tin-3kg/N38961002A/p/?o=c9b17cbfacba7b1d,248,Wadi Food,3kg  |  EGP 8.27/100g
noon,grocery,sauces,"Red Roaster Hot Sauce, 88ml | Spicy Chili Sauce for Cooking & Condiments | Pack of 1",https://www.noon.com/egypt-en/red-roaster-hot-sauce-88ml-spicy-chili-sauce-for-cooking-condiments-pack-of-1/Z8E5A9E340165151686FAZ/p/?o=d67ca74ce91ddc7c,177,Louisiana,88ml  |  EGP 201.14/100ml
noon,grocery,sauces,Rana Hot Sauce – Pack of 5 Bottles – Value Pack for Spicy Food Lovers – Imported Product,https://www.noon.com/egypt-en/rana-hot-sauce-pack-of-5-bottles-value-pack-for-spicy-food-lovers-imported-product/Z22557A963C081C148705Z/p/?o=db9889736f16446c,425,Rana,
noon,grocery,sauces,Taco Topping Sauce Chili Pepper 230grams  Single,https://www.noon.com/egypt-en/taco-topping-sauce-chili-pepper-230grams-single/N53320333A/p/?o=f92add5068dc561f,129.5,Poco Loco,230g  |  EGP 56.30/100g
noon,grocery,sauces,Sriracha Hot Chili Sauce Extra Hot 740ml – Thai Spicy Sauce with Rich Chili Flavor,https://www.noon.com/egypt-en/sriracha-hot-chili-sauce-extra-hot-740ml-thai-spicy-sauce-with-rich-chili-flavor/Z6C71181BAD3546DAE900Z/p/?o=c1547cf7dad0edea,350,Mr.HUNG,740ml  |  EGP 0.47/100ml
noon,grocery,sauces,"Easy Dip Green Sriracha Sauce - Hot Green Chili All Purpose Dipping Sauce, 340g",https://www.noon.com/egypt-en/easy-dip-green-sriracha-sauce-hot-green-chili-all-purpose-dipping-sauce-340g/Z352E5D10C38BA14147B5Z/p/?o=z352e5d10c38ba14147b5z-1,79.9,Easy Dip,340g  |  EGP 23.50/100g
noon,grocery,sauces,"Al-Tayyibat Rose Water 250ml | Natural Floral Essence for Cooking, Baking & Skincare",https://www.noon.com/egypt-en/al-tayyibat-rose-water-250ml-natural-floral-essence-for-cooking-baking-skincare/Z552931B34B2D39DDEFEFZ/p/?o=z552931b34b2d39ddefefz-1,39.99,altayebat,250ml  |  EGP 16.00/100ml
noon,grocery,sauces,Sweet Chilli Sauce  700 ml,https://www.noon.com/egypt-en/sweet-chilli-sauce-700-ml/Z397F3D96E61FB86DCB1DZ/p/?o=fbdb16fa72775f4e,232,floating swan,700ml  |  EGP 33.14/100ml
noon,grocery,sauces,Honey Mustard 210grams,https://www.noon.com/egypt-en/honey-mustard-210grams/N45218573A/p/?o=fc201ede102ce59e,188.95,Temeraire,210g  |  EGP 89.98/100g
noon,grocery,sauces,Saegh Mexican Sauce 280 gm,https://www.noon.com/egypt-en/saegh-mexican-sauce-280-gm/Z2CEE97A9EE977B910FB8Z/p/?o=z2cee97a9ee977b910fb8z-1,57,Saegh,260ml  |  EGP 21.92/100ml
noon,grocery,sauces,Harissa Cooking Paste 190grams (Pack of 2),https://www.noon.com/egypt-en/harissa-cooking-paste-190grams-pack-of-2/Z7C6C6AAE6CA12EBD7880Z/p/?o=ecd9615e107d9dad,45,Wadi Food,
noon,grocery,sauces,Honey Mustard 440grams,https://www.noon.com/egypt-en/honey-mustard-440grams/N47961262A/p/?o=f5a6cdda8e66b99f,83,Lavida,440g  |  EGP 18.86/100g
noon,grocery,sauces,"Sriracha, Gruffalo, Sweet Chili - 260-250-260 gm",https://www.noon.com/egypt-en/sriracha-gruffalo-sweet-chili-260-250-260-gm/Z476FDCA7F67B9E9D51EEZ/p/?o=d2063bd64e27b41a,235.44,Miam,200g  |  EGP 166.50/100g
noon,grocery,sauces,Rizi World Sweet Chili Sauce 700 ml,https://www.noon.com/egypt-en/rizi-world-sweet-chili-sauce-700-ml/ZF8FC2A3C546ABCF3571FZ/p/?o=fd6974f8a62ebd2c,179,Rizi,700ml  |  EGP 25.57/100ml
noon,grocery,sauces,Rana Jalapeno Hot Sauce – Authentic Spicy Taste,https://www.noon.com/egypt-en/rana-jalapeno-hot-sauce-authentic-spicy-taste/ZC8A0680B8B0E3FFEDEA7Z/p/?o=ce8a2ee86f40771d,170,Rana,
noon,grocery,sauces,Super Hot Sauce - 1 kg,https://www.noon.com/egypt-en/super-hot-sauce-1-kg/ZEF94F0940BEA17F3C37CZ/p/?o=zef94f0940bea17f3c37cz-1,955,Naturesta,1000g  |  EGP 95.50/100g
noon,grocery,sauces,Mushrom Pizza Sauce 360grams,https://www.noon.com/egypt-en/mushrom-pizza-sauce-360grams/N38793022A/p/?o=fa3112ce2c02c68b,116,Puidor,360g  |  EGP 32.22/100g
noon,grocery,sauces,Cherry Tomato With Artichokes Bruschetta sauce 200grams,https://www.noon.com/egypt-en/cherry-tomato-with-artichokes-bruschetta-sauce-200grams/N43894908A/p/?o=ea5c69ea0942c0de,339.25,Agromonte,200g  |  EGP 169.62/100g
noon,grocery,sauces,Sesame Seeds Tahina Cream - 1 KG,https://www.noon.com/egypt-en/sesame-seeds-tahina-cream-1-kg/Z68C31EB3370229416AE2Z/p/?o=d140b74844851d0e,255,AL SHARQ,1000g  |  EGP 25.50/100g
noon,grocery,sauces,Artichokes Bruschetta Sauce 200grams,https://www.noon.com/egypt-en/artichokes-bruschetta-sauce-200grams/N43894910A/p/?o=e8147648271ba31f,339.25,Agromonte,200g  |  EGP 169.62/100g
noon,grocery,sauces,Arrabbiata Pasta Sauce 360grams,https://www.noon.com/egypt-en/arrabbiata-pasta-sauce-360grams/N38793021A/p/?o=d1a2b4cabdccc5de,116,Puidor,360g  |  EGP 32.22/100g
noon,grocery,sauces,Dark Soy Sauce - 250 ml,https://www.noon.com/egypt-en/dark-soy-sauce-250-ml/ZDA66B77CFA03A4F28210Z/p/?o=zda66b77cfa03a4f28210z-1,79.95,SUN GARDEN,250ml  |  EGP 31.98/100ml
noon,grocery,sauces,Chocolate Sauce premium-750 Gm Asmacup,https://www.noon.com/egypt-en/chocolate-sauce-premium-750-gm-asmacup/Z956125814A1D52280B04Z/p/?o=e295f6557cd1aebb,170,ASMACUP,750g  |  EGP 22.67/100g
noon,grocery,sauces,caramel premium  Sauce 750 Gm,https://www.noon.com/egypt-en/caramel-premium-sauce-750-gm/ZADFBAE12B57F6F7CD156Z/p/?o=fa228dabf5fb19ed,199,ASMACUP,750g  |  EGP 26.53/100g
noon,grocery,sauces,Saegh Pomegranate Molasses 350g Squeeze,https://www.noon.com/egypt-en/saegh-pomegranate-molasses-350g-squeeze/Z64C85D2F28170CAFD61BZ/p/?o=b60fbbdabb2adbbb,83,Saegh,350g  |  EGP 23.71/100g
noon,grocery,sauces,a bottle of ketchup and mayonnaise,https://www.noon.com/egypt-en/a-bottle-of-ketchup-and-mayonnaise/ZFD84BCB3B7578847C256Z/p/?o=c9650542d1dc62ae,50,Generic,200g  |  EGP 166.50/100g
noon,grocery,sauces,Natural Tahini - 1000 gm - No Additives or Preservatives,https://www.noon.com/egypt-en/natural-tahini-1000-gm-no-additives-or-preservatives/Z1900729EC7E4F5C91F01Z/p/?o=a265f5ffd279b02c,260,Alloloa,1000g  |  EGP 26.00/100g
noon,grocery,sauces,RAGU Simply Chunky Garden  Vegetables Sauce With Olive Oil Without Sugar 680g,https://www.noon.com/egypt-en/ragu-simply-chunky-garden-vegetables-sauce-with-olive-oil-without-sugar-680g/Z15D880D3A7B515E091FDZ/p/?o=z15d880d3a7b515e091fdz-1,345,Ragu,680g  |  EGP 50.74/100g
noon,grocery,sauces,Heinz Original BBQ Sauce,https://www.noon.com/egypt-en/heinz-original-bbq-sauce/Z83F4A85CA7012C1D92E4Z/p/?o=c7eaeaacd681dd6c,239.9,Heinz,570g  |  EGP 52.63/100g
noon,grocery,sauces,MJ's Italian Pizza Sauce 410g,https://www.noon.com/egypt-en/mj-s-italian-pizza-sauce-410g/Z867888C00EF221597981Z/p/?o=z867888c00ef221597981z-1,199,mj's,410g  |  EGP 48.54/100g
noon,grocery,sauces,Mr Hung Sriracha Hot Chili Sauce,https://www.noon.com/egypt-en/mr-hung-sriracha-hot-chili-sauce/Z90E4BB284FC579C26B6DZ/p/?o=e3247190434bf25e,359.9,Mr.HUNG,
noon,grocery,sauces,HP SAUCE 255ML,https://www.noon.com/egypt-en/hp-sauce-255ml/Z21E9F3DBD0C91188B4F1Z/p/?o=fbfc7b15988e0a2b,350,HP,255ml  |  EGP 1.37/100ml
noon,grocery,sauces,RAGU Chunky Six Cheese Sauce 680g,https://www.noon.com/egypt-en/ragu-chunky-six-cheese-sauce-680g/ZAD84799122F5D782877DZ/p/?o=zad84799122f5d782877dz-1,355,Ragu,680g  |  EGP 52.21/100g
noon,grocery,sauces,"Cheddar Daddy , Smokey Jockey Burger & the great garlic butter 252 gm (Burger Boss Bundle)",https://www.noon.com/egypt-en/cheddar-daddy-smokey-jockey-burger-the-great-garlic-butter-252-gm-burger-boss-bundle/Z9D3DBAA96CE0B48A39BBZ/p/?o=da49d14908de649d,252,Miam,730ml  |  EGP 57.67/100ml
noon,grocery,sauces,Harvest Sauce 30g Sachet - Carton of 24 pieces,https://www.noon.com/egypt-en/harvest-sauce-30g-sachet-carton-of-24-pieces/Z5E29FA541C16799CA8D3Z/p/?o=d587a27d0942c6cd,210,HARVEST,24 pieces  |  EGP 8.75/piece
noon,grocery,sauces,"TABASCO Brand Original Red Pepper Hot Sauce, Medium Heat, Glass Bottle, Classic & Versatile Flavor, Three Simple Ingredients, Great for Dips, Tacos, Eggs, Pizza, Oysters & More, 2 Fl Oz (Pack of 1)",https://www.noon.com/egypt-en/tabasco-brand-original-red-pepper-hot-sauce-medium-heat-glass-bottle-classic-versatile-flavor-three-simple-ingredients-great-for-dips-tacos-eggs-pizza-oysters-more-2-fl-oz-pack-of-1/Z5676B5B421B4A1D2A377Z/p/?o=ef9d7c768d224b5a,400,Tabasco,2fl oz  |  EGP 676.28/100ml
noon,grocery,sauces,"Hot Bustard, Great Garlic, Kissed - 250-270-270 gm",https://www.noon.com/egypt-en/hot-bustard-great-garlic-kissed-250-270-270-gm/ZE0050A6EEC41C38DC53BZ/p/?o=e5bbaa884b4196fa,245.16,Miam,790g  |  EGP 31.03/100g
noon,grocery,sauces,Harvest Tomato Paste – 800g,https://www.noon.com/egypt-en/harvest-tomato-paste-800g/ZBFBC72EA750963DD8D0CZ/p/?o=bed42cba6377b42a,199.99,HARVEST,800g  |  EGP 25.00/100g
noon,grocery,sauces,Heinz Spicy Ketchup – Squeeze Pack 285g,https://www.noon.com/egypt-en/heinz-spicy-ketchup-squeeze-pack-285g/Z406744BDDE6035C94384Z/p/?o=ff67293d1ce4f66a,170,Heinz,285g  |  EGP 59.65/100g
noon,grocery,sauces,Kraft Spreadable Cheddar Cheese 230g,https://www.noon.com/egypt-en/kraft-spreadable-cheddar-cheese-230g/Z1F224EDF855998664574Z/p/?o=f239260b9f8694be,450,Kraft,230g  |  EGP 1.96/100g
noon,grocery,sauces,Harvest Tomato Paste – 320g,https://www.noon.com/egypt-en/harvest-tomato-paste-320g/Z9D1C2EB95A5627F10C8FZ/p/?o=aa508e4e296c462f,199,HARVEST,320g  |  EGP 62.19/100g
noon,grocery,sauces,Chocolate Sauce premium-750 Gm Asmacup,https://www.noon.com/egypt-en/chocolate-sauce-premium-750-gm-asmacup/Z956125814A1D52280B04Z/p/?o=e295f6557cd1aebb,170,ASMACUP,750g  |  EGP 22.67/100g
noon,grocery,sauces,caramel premium  Sauce 750 Gm,https://www.noon.com/egypt-en/caramel-premium-sauce-750-gm/ZADFBAE12B57F6F7CD156Z/p/?o=fa228dabf5fb19ed,199,ASMACUP,750g  |  EGP 26.53/100g
noon,grocery,sauces,Saegh Pomegranate Molasses 350g Squeeze,https://www.noon.com/egypt-en/saegh-pomegranate-molasses-350g-squeeze/Z64C85D2F28170CAFD61BZ/p/?o=b60fbbdabb2adbbb,83,Saegh,350g  |  EGP 23.71/100g
