source,category,sub_category,product_name,product_link,price,brand,item_weight
noon,Grocery,oils,Sunflower Oil 1.6Liters,https://www.noon.com/egypt-en/sunflower-oil-1-6liters/N28862998A/p/?o=a858fb0239f218bd,173.75,Afia,1.6L  |  EGP 108.59/L
noon,Grocery,oils,Organic Apple cider vinegar 295ml with the mothers,https://www.noon.com/egypt-en/organic-apple-cider-vinegar-295ml-with-the-mothers/Z59C8C0ECFFE69B8BD0DFZ/p/?o=de19ad35488c82ea,445,Bragg,295ml  |  EGP 150.85/100ml
noon,Grocery,oils,Ghee 700grams,https://www.noon.com/egypt-en/ghee-700grams/N51065283A/p/?o=d636bb0c1c9eb47c,79,Ganna,700g  |  EGP 11.29/100g
noon,Grocery,oils,Organic Apple Cider Vinegar 250ml,https://www.noon.com/egypt-en/organic-apple-cider-vinegar-250ml/Z6AD2D0A28A083E6A5031Z/p/?o=z6ad2d0a28a083e6a5031z-1,102.95,Imtenan,250ml  |  EGP 41.18/100ml
noon,Grocery,oils,New Zealand Butter Flavored Ghee Super 1.5 kg,https://www.noon.com/egypt-en/new-zealand-butter-flavored-ghee-super-1-5-kg/ZE84796F2FD278046CE0AZ/p/?o=ze84796f2fd278046ce0az-1,174.95,Ganna,1.5kg  |  EGP 11.66/100g
noon,Grocery,oils,Mixed Oil 2.1Liters,https://www.noon.com/egypt-en/mixed-oil-2-1liters/N27711433A/p/?o=dc11cb02f2cb42dd,171,Qaleya,2.1L  |  EGP 8.14/100ml
noon,Grocery,oils,Extra Virgan Olive Oil 1L,https://www.noon.com/egypt-en/extra-virgan-olive-oil-1l/ZC549B0B2DC1F6A1C88B6Z/p/?o=e8974b996b90e0eb,730,Nuri,1000ml  |  EGP 73.00/100ml
noon,Grocery,oils,New Zealand ghee 2.5 KG,https://www.noon.com/egypt-en/new-zealand-ghee-2-5-kg/Z8CC6D45FE48402F47C9AZ/p/?o=z8cc6d45fe48402f47c9az-1,299.95,Ganna,2.5kg  |  EGP 12.00/100g
noon,Grocery,oils,Organic Fermented Apple Cider Vinegar - 946 ml,https://www.noon.com/egypt-en/organic-fermented-apple-cider-vinegar-946-ml/ZE19D476916E9BA861DD3Z/p/?o=ze19d476916e9ba861dd3z-1,173,CALIFORNIA EGMONT,946ml  |  EGP 18.29/100ml
noon,Grocery,oils,Natural Coconut Oil 500g,https://www.noon.com/egypt-en/natural-coconut-oil-500g/Z4D0D05EB6261E2A979DBZ/p/?o=z4d0d05eb6261e2a979dbz-1,213.75,Elhawag,500g  |  EGP 42.75/100g
noon,Grocery,oils,Al Tayebat Pure Organic Apple Vinegar 330ml Raw Unfiltered,https://www.noon.com/egypt-en/al-tayebat-pure-organic-apple-vinegar-330ml-raw-unfiltered/Z973893E1B21C4F518889Z/p/?o=z973893e1b21c4f518889z-1,65,altayebat,330ml  |  EGP 19.70/100ml
noon,Grocery,oils,Frying And Cooking Mixed Oil 0.7Liters,https://www.noon.com/egypt-en/frying-and-cooking-mixed-oil-0-7liters/N42554208A/p/?o=fc9306cbbac6a9de,74,Hanady,700ml  |  EGP 10.57/100ml
noon,Grocery,oils,Apple Cider Vinegar 250ml,https://www.noon.com/egypt-en/apple-cider-vinegar-250ml/N35958690A/p/?o=bafb486c169202ff,35.25,DOBELLA,250ml  |  EGP 14.10/100ml
noon,Grocery,oils,"Organic MCT Oil (C8 + C10 + C12), 16 fl oz (473 ml}",https://www.noon.com/egypt-en/organic-mct-oil-c8-c10-c12-16-fl-oz-473-ml/Z5FF076E252F2A23F84D4Z/p/?o=ea07eec7fb00498d,3999,SPORTS RESEARCH,473ml  |  EGP 845.45/100ml
noon,Grocery,oils,Natural Apple Vinegar - 300 Ml,https://www.noon.com/egypt-en/natural-apple-vinegar-300-ml/Z7A705B434AB5AA45C1FDZ/p/?o=z7a705b434ab5aa45c1fdz-1,35,Negmet El Zeitoun,300ml  |  EGP 11.67/100ml
noon,Grocery,oils,Apple Sider 250ml,https://www.noon.com/egypt-en/apple-sider-250ml/ZC66A004DB7D9DD590842Z/p/?o=zc66a004db7d9dd590842z-1,105.75,Haj Arafa,250ml  |  EGP 42.30/100ml
noon,Grocery,oils,Mixed Oil 2.1Liters,https://www.noon.com/egypt-en/mixed-oil-2-1liters/N29980049A/p/?o=ce320084d890b8ca,175.75,Hanady,2.1L  |  EGP 8.37/100ml
noon,Grocery,oils,Extra Virgin Olive Oil 500ml,https://www.noon.com/egypt-en/extra-virgin-olive-oil-500ml/N29595411A/p/?o=fe8fc5f77e86359e,483,Wadi Food,500ml  |  EGP 96.60/100ml
noon,Grocery,oils,Keshta Ghee 1.5kg,https://www.noon.com/egypt-en/keshta-ghee-1-5kg/N52521654A/p/?o=e65a1a554f057a5a,174.95,Rawaby,1.5kg  |  EGP 11.66/100g
noon,Grocery,oils,Virgin coconut oil 450ml,https://www.noon.com/egypt-en/virgin-coconut-oil-450ml/Z467544BD3CAC7AF7BACFZ/p/?o=z467544bd3cac7af7bacfz-1,493.95,Imtenan,450ml  |  EGP 109.77/100ml
noon,Grocery,oils,Pure Butter Oil 400grams,https://www.noon.com/egypt-en/pure-butter-oil-400grams/N34324123A/p/?o=c321135558ebf8aa,279.95,Sheraton,400g  |  EGP 69.99/100g
noon,Grocery,oils,SunFlower Oil 1.5Liters,https://www.noon.com/egypt-en/sunflower-oil-1-5liters/N28863154A/p/?o=bbf41fe988834e9c,152,Slite,1.5L  |  EGP 101.33/L
noon,Grocery,oils,Corn Oil 2.2Liters,https://www.noon.com/egypt-en/corn-oil-2-2liters/N44048417A/p/?o=e0892615dc38c5cf,269.95,Afia,2.2L  |  EGP 122.70/L
noon,Grocery,oils,Pure Butter Oil 2kg,https://www.noon.com/egypt-en/pure-butter-oil-2kg/N34324120A/p/?o=bba69f5a207342ca,1273,Sheraton,2kg  |  EGP 63.65/100g
noon,Grocery,oils,Virgin Olive Oil 1 L Bottle + Virgin Olive Oil 0.5 L Bottle,https://www.noon.com/egypt-en/virgin-olive-oil-1-l-bottle-virgin-olive-oil-0-5-l-bottle/Z241EFA3DA0F7E60594AEZ/p/?o=d3d27e8f46ebb49d,1031,Wadi Food,1500ml  |  EGP 68.73/100ml
noon,Grocery,oils,Sunflower Oil 2.25Liters,https://www.noon.com/egypt-en/sunflower-oil-2-25liters/N27711419A/p/?o=f27b6f9718bd9bad,212,Al-Asil,2.25L  |  EGP 94.22/L
noon,Grocery,oils,Corn Oil 2.2Liters,https://www.noon.com/egypt-en/corn-oil-2-2liters/N28863024A/p/?o=e700214a6d85ec2f,260,Crystal,2.2L  |  EGP 118.18/L
noon,Grocery,oils,Mixed Oil 2.1Liters,https://www.noon.com/egypt-en/mixed-oil-2-1liters/N27711429A/p/?o=d97d4006173b0e9c,170.5,Hedeya,2.1L  |  EGP 8.12/100ml
noon,Grocery,oils,Greek Extra Virgin Olive Oil 1000 ml,https://www.noon.com/egypt-en/greek-extra-virgin-olive-oil-1000-ml/Z59C7BE0562F2B1566CFBZ/p/?o=z59c7be0562f2b1566cfbz-1,999,GREEK,1000ml  |  EGP 99.90/100ml
noon,Grocery,oils,Natural Vinegar 1Liters,https://www.noon.com/egypt-en/natural-vinegar-1liters/N30522054A/p/?o=cb5bbd5bc416f03c,18,Rehana,1000ml  |  EGP 1.80/100ml
noon,Grocery,oils,Sunflower Oil 1.6Liters,https://www.noon.com/egypt-en/sunflower-oil-1-6liters/N27711266A/p/?o=c0d86fa07b12fd5d,161,Crystal,1.6L  |  EGP 100.62/L
noon,Grocery,oils,Corn Oil Spray 200ml,https://www.noon.com/egypt-en/corn-oil-spray-200ml/N30429819A/p/?o=a8cb826a3e91a6ff,35,Crystal,200ml  |  EGP 175.00/L
noon,Grocery,oils,Apple Cider Vinegar collection - Pack of 3 - 946 ml,https://www.noon.com/egypt-en/apple-cider-vinegar-collection-pack-of-3-946-ml/Z8914844ABC9C3ED0E686Z/p/?o=z8914844abc9c3ed0e686z-1,425,CALIFORNIA EGMONT,2.838L  |  EGP 14.98/100ml
noon,Grocery,oils,Saegh Organic apple cider vinegar 210 ml,https://www.noon.com/egypt-en/saegh-organic-apple-cider-vinegar-210-ml/Z411AAE7523A0247A0FDEZ/p/?o=z411aae7523a0247a0fdez-1,55,Saegh,210ml  |  EGP 26.19/100ml
noon,Grocery,oils,Extra Virgin Olive Oil 1 Litre,https://www.noon.com/egypt-en/extra-virgin-olive-oil-1-litre/ZCA607809AF6CCF86E40CZ/p/?o=d0f8198c3e24406a,790,Basso,
noon,Grocery,oils,Mixed Oil 1Liters,https://www.noon.com/egypt-en/mixed-oil-1liters/N27711428A/p/?o=c354e38f45fb817b,81.5,Hedeya,1000ml  |  EGP 8.15/100ml
noon,Grocery,oils,Corn Oil plus 2.2Liters,https://www.noon.com/egypt-en/corn-oil-plus-2-2liters/N44940201A/p/?o=e6096125a47ecb7b,249.95,Afia,2.2L  |  EGP 113.61/L
noon,Grocery,oils,Sunflower Oil 2.25Liters,https://www.noon.com/egypt-en/sunflower-oil-2-25liters/N27711426A/p/?o=fac2ff7430d4ddba,214.5,Halla,2.25L  |  EGP 95.33/L
noon,Grocery,oils,Corn Oil 3.5Liters,https://www.noon.com/egypt-en/corn-oil-3-5liters/N33645784A/p/?o=ae1fe569ae4de81b,399.95,Crystal,3.5L  |  EGP 114.27/L
noon,Grocery,oils,Sunflower Oil 2.2Liters,https://www.noon.com/egypt-en/sunflower-oil-2-2liters/N28863020A/p/?o=e32501858a770dca,224.95,Crystal,2.2L  |  EGP 102.25/L
noon,Grocery,oils,Mixed Oil 4.5Liters,https://www.noon.com/egypt-en/mixed-oil-4-5liters/N27711434A/p/?o=cdcc90952e4552fa,356.95,Qaleya,4.5L  |  EGP 7.93/100ml
noon,Grocery,oils,Organic Fermented Apple Cider Vinegar 946ml,https://www.noon.com/egypt-en/organic-fermented-apple-cider-vinegar-946ml/Z51A970CAAC55D23A4D20Z/p/?o=z51a970caac55d23a4d20z-1,199,CALIFORNIA EGMONT,946ml  |  EGP 21.04/100ml
noon,Grocery,oils,Organic Apple Cider Vinegar 500ml,https://www.noon.com/egypt-en/organic-apple-cider-vinegar-500ml/N48665691A/p/?o=f3e74fb9ce3780de,177,VARVELLO,500ml  |  EGP 35.40/100ml
noon,Grocery,oils,Sunflower Oil 4.5L,https://www.noon.com/egypt-en/sunflower-oil-4-5l/ZBFC2421B010F07CCCACEZ/p/?o=zbfc2421b010f07cccacez-1,434.95,Helwa,4500ml  |  EGP 96.66/L
noon,Grocery,oils,Frying And Cooking Mixed Oil 1Liters,https://www.noon.com/egypt-en/frying-and-cooking-mixed-oil-1liters/N42554207A/p/?o=d93b0ca6c16cb87f,97,Helwa,1000ml  |  EGP 9.70/100ml
noon,Grocery,oils,SunFlower Oil 2.1Liters,https://www.noon.com/egypt-en/sunflower-oil-2-1liters/N28863155A/p/?o=eb59ffdee14b91fa,204.95,Slite,2.25L  |  EGP 91.09/L
noon,Grocery,oils,Frying And Cooking Mixed Oil 700ml,https://www.noon.com/egypt-en/frying-and-cooking-mixed-oil-700ml/N42554206A/p/?o=f0937c8e9953946a,74,Helwa,700ml  |  EGP 10.57/100ml
noon,Grocery,oils,Mixed Oil 4.5Liters,https://www.noon.com/egypt-en/mixed-oil-4-5liters/N28863089A/p/?o=e79499dbcdce585e,349.95,Helwa,4.5L  |  EGP 7.78/100ml
noon,Grocery,oils,Sunflower Oil 5Liters,https://www.noon.com/egypt-en/sunflower-oil-5liters/N27711268A/p/?o=e4c9e3cd434155de,484.95,Crystal,5L  |  EGP 96.99/L
noon,Grocery,oils,"Apple Cider Vinegar 473ml - Organic, unfiltered, with the mothers + Free pack of rice cake",https://www.noon.com/egypt-en/apple-cider-vinegar-473ml-organic-unfiltered-with-the-mothers-free-pack-of-rice-cake/ZE87C4A18481AF768650AZ/p/?o=a2f041f0e49b1cea,630,Bragg,473ml  |  EGP 133.19/100ml
noon,Grocery,oils,hot oil 210 ml,https://www.noon.com/egypt-en/hot-oil-210-ml/ZFAE47899427B98C5B9A5Z/p/?o=zfae47899427b98c5b9a5z-1,65,Saegh,210ml  |  EGP 30.95/100ml
noon,Grocery,oils,Sokradorf Virgin Olive Oil 250ml  Rich Natural Flavor High Quality Food Grade Bottle,https://www.noon.com/egypt-en/sokradorf-virgin-olive-oil-250ml-rich-natural-flavor-high-quality-food-grade-bottle/Z408AE587A89A54BA9A70Z/p/?o=d7d1c5f66560930b,225,sokradorf,250ml  |  EGP 90.00/100ml
noon,Grocery,oils,Frying And Cooking Mixed Oil 1Liters,https://www.noon.com/egypt-en/frying-and-cooking-mixed-oil-1liters/N52406605A/p/?o=b583bb7f97f65d3d,87.50,Haboba,1000ml  |  EGP 8.75/100ml
noon,Grocery,oils,Apple Cider Vinegar collection Pack of 2 pieces*946 ml,https://www.noon.com/egypt-en/apple-cider-vinegar-collection-pack-of-2-pieces-946-ml/ZB84C98F9F1FE64E48B6DZ/p/?o=zb84c98f9f1fe64e48b6dz-1,325.00,CALIFORNIA EGMONT,1.892L  |  EGP 17.18/100ml
noon,Grocery,oils,Ghee Plastic Jar (1.3 Kg) Yellow,https://www.noon.com/egypt-en/ghee-plastic-jar-1-3-kg-yellow/Z4DAE456AE12A2D29FF1BZ/p/?o=e7be080f5013abba,154.00,AGAB,1300g  |  EGP 11.85/100g
noon,Grocery,oils,Virgin Olive Oil 500ml,https://www.noon.com/egypt-en/virgin-olive-oil-500ml/N51327240A/p/?o=b61b5d26224e937e,440.25,Nile Garden,500ml  |  EGP 88.05/100ml
noon,Grocery,oils,White Vinegar 900ml - Pack of 3,https://www.noon.com/egypt-en/white-vinegar-900ml-pack-of-3/Z141DAD03EF00F6D66AF7Z/p/?o=z141dad03ef00f6d66af7z-1,86.00,SUN GARDEN,2.7L  |  EGP 3.19/100ml
noon,Grocery,oils,Vegetable Ghee 2.5kg,https://www.noon.com/egypt-en/vegetable-ghee-2-5kg/N27711254A/p/?o=a34de93d7e690c8a,313.75,Crystal,2.5kg  |  EGP 12.55/100g
noon,Grocery,oils,Sunflower Oil 1.5Liters,https://www.noon.com/egypt-en/sunflower-oil-1-5liters/N27711425A/p/?o=f021115c39a8c91e,143.50,Halla,1.5L  |  EGP 95.67/L
noon,Grocery,oils,Sunflower Oil 700ml,https://www.noon.com/egypt-en/sunflower-oil-700ml/Z9E6B4EA31007C3A7E642Z/p/?o=z9e6b4ea31007c3a7e642z-1,89.25,Crystal,700ml  |  EGP 127.50/L
noon,Grocery,oils,Natural Butter Ghee 800grams,https://www.noon.com/egypt-en/natural-butter-ghee-800grams/N34324126A/p/?o=af120074f0433f0d,551.00,Haloub Al Missalia,800g  |  EGP 68.88/100g
noon,Grocery,oils,Extra Virgin Olive Oil 500ml,https://www.noon.com/egypt-en/extra-virgin-olive-oil-500ml/N49538586A/p/?o=a1db2fa688acac4f,719.25,La Pedriza,500ml  |  EGP 143.85/100ml
noon,Grocery,oils,Corn Oil 970 ml,https://www.noon.com/egypt-en/corn-oil-970-ml/Z05C0C60B7729CABB84BAZ/p/?o=bf2c2ff7f345265b,133.00,Katfa,970ml  |  EGP 137.11/L
noon,Grocery,oils,White Vegetable Ghee 2kg,https://www.noon.com/egypt-en/white-vegetable-ghee-2kg/N27711271A/p/?o=c0333d3165a0c18c,244.95,Crystal,2kg  |  EGP 12.25/100g
noon,Grocery,oils,Pure Apple Vinegar 750ml,https://www.noon.com/egypt-en/pure-apple-vinegar-750ml/N12281281A/p/?o=c19ca0eca5dcb1dd,277.00,Yamama,750ml  |  EGP 36.93/100ml
noon,Grocery,oils,Spritz Truffle Flavor Non-Stick Cooking Spray - 200ml,https://www.noon.com/egypt-en/spritz-truffle-flavor-non-stick-cooking-spray-200ml/ZBFA9444B82950538D5F2Z/p/?o=fbb1c60fab83ae5c,251.00,Spritz,200ml  |  EGP 125.50/100ml
noon,Grocery,oils,Truffle non-stick Cooking Spray 200 ml,https://www.noon.com/egypt-en/truffle-non-stick-cooking-spray-200-ml/Z030B8E361CB5C25B73D4Z/p/?o=a7b335ffad447a9a,252.00,Spritz,200ml  |  EGP 1260.00/L
noon,Grocery,oils,Tunisian Extra Virgin Olive Oil 1000ml,https://www.noon.com/egypt-en/tunisian-extra-virgin-olive-oil-1000ml/Z81D97BD22A1330A65A09Z/p/?o=z81d97bd22a1330a65a09z-1,770.00,MARVEL,1000ml  |  EGP 77.00/100ml
noon,Grocery,oils,Olive oil 250 ml,https://www.noon.com/egypt-en/olive-oil-250-ml/Z346FB60E89AA2CD425F4Z/p/?o=z346fb60e89aa2cd425f4z-1,120.00,time food,250ml  |  EGP 48.00/100ml
noon,Grocery,oils,Offer Extra Virgin Olive Oil 250 ml with Free Cumin 65 gm,https://www.noon.com/egypt-en/offer-extra-virgin-olive-oil-250-ml-with-free-cumin-65-gm/ZE2F459DEEB9EBAED1DC4Z/p/?o=f92b8d8b649154ed,265.75,Imtenan,
noon,Grocery,oils,Extra Virgin Olive Oil 125ml,https://www.noon.com/egypt-en/extra-virgin-olive-oil-125ml/N46494110A/p/?o=c5ea385aae6cf62d,151.00,Borges,125ml  |  EGP 120.80/100ml
noon,Grocery,oils,Organic Fermented Apple Cider Vinegar with Turmeric & Cinnamon  - 946ml,https://www.noon.com/egypt-en/organic-fermented-apple-cider-vinegar-with-turmeric-cinnamon-946ml/ZAC99B76F5538810B4480Z/p/?o=zac99b76f5538810b4480z-1,199.00,CALIFORNIA EGMONT,946ml  |  EGP 21.04/100ml
noon,Grocery,oils,Vegetable Ghee 650grams,https://www.noon.com/egypt-en/vegetable-ghee-650grams/N44930729A/p/?o=bdb448a58a41e8ba,76.50,El Hanim,650g  |  EGP 11.77/100g
noon,Grocery,oils,Mixed Oil 1Liters,https://www.noon.com/egypt-en/mixed-oil-1liters/N31387904A/p/?o=f8c167dd1302275a,85.50,El Momtaz,1000ml  |  EGP 8.55/100ml
noon,Grocery,oils,Apple Cider Vinegar collection Pack of 2 pieces*946 ml,https://www.noon.com/egypt-en/apple-cider-vinegar-collection-pack-of-2-pieces-946-ml/Z896FC05BE019401D70E7Z/p/?o=z896fc05be019401d70e7z-1,299.00,CALIFORNIA EGMONT,1.89L  |  EGP 15.80/100ml
noon,Grocery,oils,Olive Oil 500 ml,https://www.noon.com/egypt-en/olive-oil-500-ml/Z45E187455DB22F6468D1Z/p/?o=z45e187455db22f6468d1z-1,165.00,Smart Value,500ml  |  EGP 33.00/100ml
noon,Grocery,oils,Extra Virgin Olive Oil |Perfect for Cooking healthy Antioxidant| Cold Pressed | 500ml,https://www.noon.com/egypt-en/extra-virgin-olive-oil-perfect-for-cooking-healthy-antioxidant-cold-pressed-500ml/Z94EC3BB8253C0A731FBAZ/p/?o=z94ec3bb8253c0a731fbaz-1,450.00,OLIVE,500ml  |  EGP 90.00/100ml
noon,Grocery,oils,Corn Oil plus 1.6Liters,https://www.noon.com/egypt-en/corn-oil-plus-1-6liters/N44940200A/p/?o=f733f84fe5037aee,189.95,Afia,1.6L  |  EGP 118.72/L
noon,Grocery,oils,Yellow Vegetable Ghee 1.5kg,https://www.noon.com/egypt-en/yellow-vegetable-ghee-1-5kg/N27711258A/p/?o=d601d98dbf585dba,179.95,Crystal,1.5kg  |  EGP 12.00/100g
noon,Grocery,oils,Apple Vinegar- 250ml,https://www.noon.com/egypt-en/apple-vinegar-250ml/Z297693885951A308B0AAZ/p/?o=z297693885951a308b0aaz-1,39.00,Themar,250ml  |  EGP 15.60/100ml
noon,Grocery,oils,Apple Cider Vinegar collection Pack of 2 pieces*946 ml /2litres,https://www.noon.com/egypt-en/apple-cider-vinegar-collection-pack-of-2-pieces-946-ml-2litres/ZB64B83A49AE4A5DAF24CZ/p/?o=zb64b83a49ae4a5daf24cz-1,325.00,CALIFORNIA EGMONT,1.89L  |  EGP 17.18/100ml
noon,Grocery,oils,Sunflower Oil 5Liters,https://www.noon.com/egypt-en/sunflower-oil-5liters/N51236802A/p/?o=a0dc320c0b37125c,479.95,Halla,5L  |  EGP 95.99/L
noon,Grocery,oils,Extra Virgin Olive Oil 250ml,https://www.noon.com/egypt-en/extra-virgin-olive-oil-250ml/N28863093A/p/?o=fd89d7cc18b9467c,337.50,Iliada,250ml  |  EGP 135.00/100ml
noon,Grocery,oils,Extra Virgin Kalamata Olive Oil Spray 200ml,https://www.noon.com/egypt-en/extra-virgin-kalamata-olive-oil-spray-200ml/N29594889A/p/?o=d95e302256c9109e,337.50,Iliada,200ml  |  EGP 168.75/100ml
noon,Grocery,oils,Ghee tin (650 g) yellow,https://www.noon.com/egypt-en/ghee-tin-650-g-yellow/Z9B960C7376332EC883E6Z/p/?o=f35b57a6edbbfdfb,92.00,Katfa,650g  |  EGP 14.15/100g
noon,Grocery,oils,Extra Virgin Organic Olive Oil- 500ml,https://www.noon.com/egypt-en/extra-virgin-organic-olive-oil-500ml/N43406266A/p/?o=ce1049859f887a5a,675.00,Iliada,500ml  |  EGP 135.00/100ml
noon,Grocery,oils,Apple Cider Vinegar Pack of 2 pieces*946 ml,https://www.noon.com/egypt-en/apple-cider-vinegar-pack-of-2-pieces-946-ml/ZE667ACE40CB2BA66DF3BZ/p/?o=ze667ace40cb2ba66df3bz-1,325.00,CALIFORNIA EGMONT,1.892L  |  EGP 17.18/100ml
noon,Grocery,oils,Olive Oil Extra Virgin 750ml,https://www.noon.com/egypt-en/olive-oil-extra-virgin-750ml/N28863092A/p/?o=f8ac4ec9fc43029f,889.75,Iliada,750ml  |  EGP 118.63/100ml
noon,Grocery,oils,Organic Coconut Oil 250ml,https://www.noon.com/egypt-en/organic-coconut-oil-250ml/ZE881AFD1303665338802Z/p/?o=ze881afd1303665338802z-1,290.00,Organic Nation,250ml  |  EGP 116.00/100ml
noon,Grocery,oils,Corn Oil 1.6Liters,https://www.noon.com/egypt-en/corn-oil-1-6liters/N27711263A/p/?o=e8e2468acc9fff8f,203.75,Crystal,1.6L  |  EGP 127.34/L
noon,Grocery,oils,White Natural Vinegar 900ml,https://www.noon.com/egypt-en/white-natural-vinegar-900ml/N52406599A/p/?o=bbf3425e69bef9ed,15.25,Haboba,900ml  |  EGP 1.69/100ml
noon,Grocery,oils,Organic Sesame Oil 250ml,https://www.noon.com/egypt-en/organic-sesame-oil-250ml/N28909128A/p/?o=be2cdff70ab34d7a,220.00,Sekem,250ml  |  EGP 88.00/100ml
noon,Grocery,oils,Organic Fermented Apple Cider Vinegar - 946 ml,https://www.noon.com/egypt-en/organic-fermented-apple-cider-vinegar-946-ml/ZE19D476916E9BA861DD3Z/p/?o=ze19d476916e9ba861dd3z-1,173.00,CALIFORNIA EGMONT,946ml  |  EGP 18.29/100ml
noon,Grocery,oils,Pure Butter Oil 1.5kg,https://www.noon.com/egypt-en/pure-butter-oil-1-5kg/N34324121A/p/?o=f20970776888bfed,1021.00,Sheraton,1.5kg  |  EGP 68.07/100g
noon,Grocery,oils,olive oil 30ml,https://www.noon.com/egypt-en/olive-oil-30ml/Z02160596F3B52FBDC2F8Z/p/?o=z02160596f3b52fbdc2f8z-1,100.00,Shana nature house,30ml  |  EGP 333.33/100ml
noon,Grocery,oils,Balsamic Vinegar Bottle 500ml,https://www.noon.com/egypt-en/balsamic-vinegar-bottle-500ml/Z7BAE0C3DA8D317EB410EZ/p/?o=f91f9e27d931208b,255.25,Ponti,500ml  |  EGP 51.05/100ml
noon,Grocery,oils,Apple Vinegar 474ml,https://www.noon.com/egypt-en/apple-vinegar-474ml/N29012995A/p/?o=e033ea99a24fb20d,63.50,Rana,474ml  |  EGP 13.40/100ml
noon,Grocery,oils,Yellow Vegetable Ghee 2.5kg,https://www.noon.com/egypt-en/yellow-vegetable-ghee-2-5kg/N27711259A/p/?o=c1d638de70d491ed,284.95,Crystal,2.5kg  |  EGP 11.40/100g
noon,Grocery,oils,"Olive Oil Classic For Cooking, Barbecue And Grill 750ml",https://www.noon.com/egypt-en/olive-oil-classic-for-cooking-barbecue-and-grill-750ml/N28863008A/p/?o=c571c846ef452b4b,611.75,Borges,750ml  |  EGP 81.57/100ml
noon,Grocery,oils,Nature white vinegar 1 liter,https://www.noon.com/egypt-en/nature-white-vinegar-1-liter/Z8FD8E54DB393DA3B0CA1Z/p/?o=z8fd8e54db393da3b0ca1z-1,24.00,Durra,1000ml  |  EGP 2.40/100ml
noon,Grocery,oils,Natural Butter Ghee 2kg,https://www.noon.com/egypt-en/natural-butter-ghee-2kg/N34324124A/p/?o=b969e75b86cb6f1f,1357.00,Haloub Al Missalia,2kg  |  EGP 67.85/100g
noon,Grocery,oils,Extra Virgin Olive Oil Cold Pressed – 500 m,https://www.noon.com/egypt-en/extra-virgin-olive-oil-cold-pressed-500-m/Z5C8A7B086B3A0A5DE097Z/p/?o=f98af6e1d4da478b,455.00,Healthy,
noon,Grocery,oils,Sokradorf Virgin Olive Oil 250ml  Rich Natural Flavor High Quality Food Grade Bottle,https://www.noon.com/egypt-en/sokradorf-virgin-olive-oil-250ml-rich-natural-flavor-high-quality-food-grade-bottle/Z408AE587A89A54BA9A70Z/p/?o=d7d1c5f66560930b,250.00,sokradorf,250ml  |  EGP 100.00/100ml
noon,Grocery,oils,"Apple Cider Vinegar 473ml - Organic, unfiltered, with the mothers + Free pack of rice cake",https://www.noon.com/egypt-en/apple-cider-vinegar-473ml-organic-unfiltered-with-the-mothers-free-pack-of-rice-cake/ZE87C4A18481AF768650AZ/p/?o=a2f041f0e49b1cea,630.00,Bragg,473ml  |  EGP 133.19/100ml
noon,Grocery,oils,hot oil 210 ml,https://www.noon.com/egypt-en/hot-oil-210-ml/ZFAE47899427B98C5B9A5Z/p/?o=zfae47899427b98c5b9a5z-1,65.00,Saegh,210ml  |  EGP 30.95/100ml
noon,Grocery,oils,"Garden of Life Dr. Formulated Brain Health 100% Organic Coconut MCT Oil 32 fl oz Unflavored, 13g MCTs, Keto & Paleo Diet Friendly Body & Brain Fuel, Certified Non-GMO Vegan & Gluten Free, Hexane-Free",https://www.noon.com/egypt-en/garden-of-life-dr-formulated-brain-health-100-organic-coconut-mct-oil-32-fl-oz-unflavored-13g-mcts-keto-paleo-diet-friendly-body-brain-fuel-certified-non-gmo-vegan-gluten-free-hexane-free/Z1D643F4590CFA2435AF9Z/p/?o=aa296fed95c30d3e,4200.00,Garden of Life,32fl oz  |  EGP 443.81/100ml
noon,Grocery,oils,Herbal Vinegar With Glass Bottle - 250 ml,https://www.noon.com/egypt-en/herbal-vinegar-with-glass-bottle-250-ml/ZAEB9F83D8158CAFA95AEZ/p/?o=zaeb9f83d8158cafa95aez-1,64.00,Gardenia,250ml  |  EGP 25.60/100ml
noon,Grocery,oils,Sokradorf Virgin Olive Oil 1000ml Rich Natural Flavor High Quality Food Grade Bottle,https://www.noon.com/egypt-en/sokradorf-virgin-olive-oil-1000ml-rich-natural-flavor-high-quality-food-grade-bottle/ZC8478A82A1BD18D7B76BZ/p/?o=f0e1aad2aa2a49cf,539.00,sokradorf,1000ml  |  EGP 53.90/100ml
noon,Grocery,oils,Pure Apple Vinegar 500grams,https://www.noon.com/egypt-en/pure-apple-vinegar-500grams/N28675996A/p/?o=ff4a81d0f106a13e,131.75,VARVELLO,500g  |  EGP 26.35/100g
noon,Grocery,oils,Vegetable Ghee 350grams,https://www.noon.com/egypt-en/vegetable-ghee-350grams/N27711408A/p/?o=bdb9e81bb4162bdc,41.00,El Hanim,350g  |  EGP 11.71/100g
noon,Grocery,oils,Rotary Oil 1.500 Liters,https://www.noon.com/egypt-en/rotary-oil-1-500-liters/Z1E09DAB20CC3D174F45DZ/p/?o=f37cf2cde077a19b,186.00,Katfa,1500ml  |  EGP 124.00/L
noon,Grocery,oils,Norica Olive Oil Extra Virgen 500 ML,https://www.noon.com/egypt-en/norica-olive-oil-extra-virgen-500-ml/ZA0630836EB7DA77F347DZ/p/?o=bba9ea3f72aeb40c,370.00,Norica Food,500ml  |  EGP 74.00/100ml
noon,Grocery,oils,Apple Cider Vinegar 250ml,https://www.noon.com/egypt-en/apple-cider-vinegar-250ml/Z90B2D5183A78B8B0E1E5Z/p/?o=dfd47601a2121d2a,62.00,Shana,250ml  |  EGP 24.80/100ml
noon,Grocery,oils,1 liter virgin olive oil * 250 sesame oil as a gift,https://www.noon.com/egypt-en/1-liter-virgin-olive-oil-250-sesame-oil-as-a-gift/ZCDD65F6FD6BDC25BCD00Z/p/?o=ff6394c7134afcbe,950.00,SUN GARDEN,
noon,Grocery,oils,Smart Value Olive Oil 250 ml,https://www.noon.com/egypt-en/smart-value-olive-oil-250-ml/Z0E9B4C7D99461B09E75EZ/p/?o=z0e9b4c7d99461b09e75ez-1,100.00,Smart Value,250ml  |  EGP 40.00/100ml
noon,Grocery,oils,Pure Canola Oil 1Liters,https://www.noon.com/egypt-en/pure-canola-oil-1liters/N46494112A/p/?o=e0fa69ccd730441b,224.00,Borges,1000ml  |  EGP 224.00/L
noon,Grocery,oils,"Olive Oil Classic For Cooking, Barbecue And Grill 250ml",https://www.noon.com/egypt-en/olive-oil-classic-for-cooking-barbecue-and-grill-250ml/N28863006A/p/?o=a4dd640f3f348f7b,282.00,Borges,250ml  |  EGP 112.80/100ml
noon,Grocery,oils,Red Apple Vinegar Bottle 500ml,https://www.noon.com/egypt-en/red-apple-vinegar-bottle-500ml/Z2E6562435848E214782DZ/p/?o=b2a0949fd09aa09a,113.00,Ponti,500ml  |  EGP 22.60/100ml
noon,Grocery,oils,Coconut Oil 500ml,https://www.noon.com/egypt-en/coconut-oil-500ml/Z6F2DF4425D9341453EE1Z/p/?o=z6f2df4425d9341453ee1z-1,199.00,MARVEL,500ml  |  EGP 39.80/100ml
noon,Grocery,oils,Greek Extra Virgin Olive Oil 1000ml,https://www.noon.com/egypt-en/greek-extra-virgin-olive-oil-1000ml/Z3DDC4DFEF3510B62C77EZ/p/?o=z3ddc4dfef3510b62c77ez-1,999.00,GREEK,1000ml  |  EGP 99.90/100ml
noon,Grocery,oils,Sesame Oil 500ml,https://www.noon.com/egypt-en/sesame-oil-500ml/N43406291A/p/?o=de87c13c4f3a759c,294.50,CHOiCE,500ml  |  EGP 58.90/100ml
noon,Grocery,oils,Apple Cider Vinegar collection Pack of 2 pieces*946 ml /2litres and  green tea250gram,https://www.noon.com/egypt-en/apple-cider-vinegar-collection-pack-of-2-pieces-946-ml-2litres-and-green-tea250gram/Z900E8A38559DEE08F931Z/p/?o=z900e8a38559dee08f931z-1,450.00,CALIFORNIA EGMONT,1.892L  |  EGP 23.78/100ml
noon,Grocery,oils,Olive Oil Extra Virgin 750ml,https://www.noon.com/egypt-en/olive-oil-extra-virgin-750ml/N28863099A/p/?o=e12099147cb5c37b,785.00,ISIS,750ml  |  EGP 104.67/100ml
noon,Grocery,oils,"Classic Olive Oil For Cooking, Barbecue And Grill 500ml",https://www.noon.com/egypt-en/classic-olive-oil-for-cooking-barbecue-and-grill-500ml/N28863007A/p/?o=a3640c5660a34d5d,529.00,Borges,500ml  |  EGP 105.80/100ml
noon,Grocery,oils,Pack of 2 red natural vinegar 900ml + vinegar 500ml,https://www.noon.com/egypt-en/pack-of-2-red-natural-vinegar-900ml-vinegar-500ml/Z8729702AF35150EDD5DBZ/p/?o=z8729702af35150edd5dbz-1,73.10,Negmet El Zeitoun,
noon,Grocery,oils,Apple Cider Vinegar collection Pack of 3 pieces*3litres,https://www.noon.com/egypt-en/apple-cider-vinegar-collection-pack-of-3-pieces-3litres/ZBA538FEA3760561418C9Z/p/?o=zba538fea3760561418c9z-1,425.00,CALIFORNIA EGMONT,9L  |  EGP 4.72/100ml
noon,Grocery,oils,Pure Coconut Oil 500ml,https://www.noon.com/egypt-en/pure-coconut-oil-500ml/N26997311A/p/?o=c666ac144bfb83be,449.00,Parachute,500ml  |  EGP 89.80/100ml
noon,Grocery,oils,Tunisian Extra Virgin Olive Oil 250ml,https://www.noon.com/egypt-en/tunisian-extra-virgin-olive-oil-250ml/Z1F5EF64A8D25B15F9C3EZ/p/?o=z1f5ef64a8d25b15f9c3ez-1,250.00,MARVEL,250ml  |  EGP 100.00/100ml
noon,Grocery,oils,Premier Extra Virgin Olive Oil 250ml,https://www.noon.com/egypt-en/premier-extra-virgin-olive-oil-250ml/ZD347C33193273B320574Z/p/?o=zd347c33193273b320574z-1,169.00,Premier,250ml  |  EGP 67.60/100ml
noon,Grocery,oils,Organic Apple Cider Vinegar 250 ml,https://www.noon.com/egypt-en/organic-apple-cider-vinegar-250-ml/ZA9FAA9DC6521B10A7812Z/p/?o=d050f3cad981966e,95.00,Elhawag,250ml  |  EGP 38.00/100ml
noon,Grocery,oils,Natural Red Vinegar 900ml,https://www.noon.com/egypt-en/natural-red-vinegar-900ml/N41989346A/p/?o=b2911ea6158d21bf,35.00,Negmet El Zeitoun,900ml  |  EGP 3.89/100ml
noon,Grocery,oils,Pure Canola Oil 2Liters,https://www.noon.com/egypt-en/pure-canola-oil-2liters/N46494111A/p/?o=c57e3ab024e6309d,435.00,Borges,2L  |  EGP 217.50/L
noon,Grocery,oils,"Extra virgin olive oil, first cold press – 1000 ml (two bottles)",https://www.noon.com/egypt-en/extra-virgin-olive-oil-first-cold-press-1000-ml-two-bottles/Z062DE5A3493B6F3B1384Z/p/?o=c25eb90eb8ee149d,445.00,Deli,2000ml  |  EGP 22.25/100ml
noon,Grocery,oils,Sunflower Oil 1Liters,https://www.noon.com/egypt-en/sunflower-oil-1liters/N27711265A/p/?o=f5adf5565444cdbe,120.00,Crystal,900ml  |  EGP 133.33/L
noon,Grocery,oils,Apple Cider Vinegar collection Pack of 3 pieces,https://www.noon.com/egypt-en/apple-cider-vinegar-collection-pack-of-3-pieces/Z1D5FA75F0872930EA3F3Z/p/?o=bcd4326fc7b8dcac,425.00,CALIFORNIA EGMONT,3 pieces  |  EGP 141.67/piece
noon,Grocery,oils,Pure Ghee 350grams,https://www.noon.com/egypt-en/pure-ghee-350grams/N29980046A/p/?o=a28bbb682a8cfbcc,41.75,Ganna,350g  |  EGP 11.93/100g
noon,Grocery,oils,Saegh virgin olive oil 250 ml,https://www.noon.com/egypt-en/saegh-virgin-olive-oil-250-ml/ZE81006945472A0EE7B06Z/p/?o=ze81006945472a0ee7b06z-1,195.00,Saegh,250ml  |  EGP 78.00/100ml
noon,Grocery,oils,Vegetable White Label Ghee 700grams,https://www.noon.com/egypt-en/vegetable-white-label-ghee-700grams/N28863029A/p/?o=d18b2ca9563e15ab,89.50,Crystal,700g  |  EGP 12.79/100g
noon,Grocery,oils,Apple Cider Vinegar,https://www.noon.com/egypt-en/apple-cider-vinegar/Z7007B229E03A0C9836A3Z/p/?o=z7007b229e03a0c9836a3z-1,325.00,CALIFORNIA EGMONT,2 pieces  |  EGP 162.50/piece
noon,Grocery,oils,Extra Virgin Olive Oil 1000ml,https://www.noon.com/egypt-en/extra-virgin-olive-oil-1000ml/N51327238A/p/?o=c8b5f70947a422ed,840.25,Nile Garden,1000ml  |  EGP 84.02/100ml
noon,Grocery,oils,Virgin Olive Oil 2Liters,https://www.noon.com/egypt-en/virgin-olive-oil-2liters/N42921375A/p/?o=b3c0770da9089aad,1901.00,Wadi Food,2L  |  EGP 95.05/100ml
noon,Grocery,oils,Dates Vinegar - 946 ml,https://www.noon.com/egypt-en/dates-vinegar-946-ml/ZC852F248AEDBF7670BA9Z/p/?o=zc852f248aedbf7670ba9z-1,199.00,CALIFORNIA EGMONT,946ml  |  EGP 21.04/100ml
noon,Grocery,oils,Greek Extra Virgin Olive Oil 500ml Tin,https://www.noon.com/egypt-en/greek-extra-virgin-olive-oil-500ml-tin/Z47EEFD5C99F71BC0DE9DZ/p/?o=z47eefd5c99f71bc0de9dz-1,590.00,GREEK,500ml  |  EGP 118.00/100ml
noon,Grocery,oils,Offer Extra Virgin Olive Oil 500 ml with Free Black Pepper 75 gm and Thyme 25 gm,https://www.noon.com/egypt-en/offer-extra-virgin-olive-oil-500-ml-with-free-black-pepper-75-gm-and-thyme-25-gm/ZDC4DE8010D03A0F905DBZ/p/?o=c33c01b6be13d86c,468.50,Imtenan,
noon,Grocery,oils,Extra Virgin Olive Oil 500ml,https://www.noon.com/egypt-en/extra-virgin-olive-oil-500ml/Z367A81998C597BFADB20Z/p/?o=z367a81998c597bfadb20z-1,280.00,Premier,500ml  |  EGP 56.00/100ml
noon,Grocery,oils,Virgin Olive Oil 1Liters,https://www.noon.com/egypt-en/virgin-olive-oil-1liters/N28909133A/p/?o=f5a2f3dfbe1ba39d,825.00,Wadi Food,1000ml  |  EGP 82.50/100ml
noon,Grocery,oils,Mixed Oil 1Liters,https://www.noon.com/egypt-en/mixed-oil-1liters/N27711432A/p/?o=bd8540e20388ba9a,85.50,Qaleya,1000ml  |  EGP 8.55/100ml
noon,Grocery,oils,Apple Cider Vinegar 500ml,https://www.noon.com/egypt-en/apple-cider-vinegar-500ml/N42611598A/p/?o=d94991095d09ddbb,78.00,VARVELLO,500ml  |  EGP 15.60/100ml
noon,Grocery,oils,New Zealand ghee 2.5 KG,https://www.noon.com/egypt-en/new-zealand-ghee-2-5-kg/Z8CC6D45FE48402F47C9AZ/p/?o=z8cc6d45fe48402f47c9az-1,259.95,Ganna,2.5kg  |  EGP 10.40/100g
noon,Grocery,oils,Fermented Organic Apple Cider Vinegar with Turmeric and Cloves - 946ml,https://www.noon.com/egypt-en/fermented-organic-apple-cider-vinegar-with-turmeric-and-cloves-946ml/Z86302E6043CE0A56FAD7Z/p/?o=z86302e6043ce0a56fad7z-1,199.00,CALIFORNIA EGMONT,946ml  |  EGP 21.04/100ml
noon,Grocery,oils,Corn Oil 0.7L,https://www.noon.com/egypt-en/corn-oil-0-7l/ZDC1355DE8AA1C9D9C2EEZ/p/?o=zdc1355de8aa1c9d9c2eez-1,92.75,Crystal,700ml  |  EGP 132.50/L
noon,Grocery,oils,Mixed Oil 4.5Liters,https://www.noon.com/egypt-en/mixed-oil-4-5liters/N27711430A/p/?o=e6e0f081e0a6a09e,354.95,Hedeya,4.5L  |  EGP 7.89/100ml
noon,Grocery,oils,White Vegetable Ghee 1 kg,https://www.noon.com/egypt-en/white-vegetable-ghee-1-kg/ZE6CC7235258B7ACB9735Z/p/?o=ze6cc7235258b7acb9735z-1,121.00,Crystal,1000g  |  EGP 12.10/100g
noon,Grocery,oils,Nuri Extra Virgin Olive Oil 500 ml,https://www.noon.com/egypt-en/nuri-extra-virgin-olive-oil-500-ml/ZBDE01AFF00C3130BDD5EZ/p/?o=f12bc6c62631f61d,418.00,Nuri,500ml  |  EGP 83.60/100ml
noon,Grocery,oils,Apple Cider Vinegar - Don Marcello - 1000 ml + Free rice cake pack,https://www.noon.com/egypt-en/apple-cider-vinegar-don-marcello-1000-ml-free-rice-cake-pack/ZCC8B87E9C1EC50CAC2C8Z/p/?o=f97f376ac1b1c1cb,600.00,De Nigris,
noon,Grocery,oils,Sokradorf Virgin Olive Oil 250ml  Rich Natural Flavor High Quality Food Grade Bottle,https://www.noon.com/egypt-en/sokradorf-virgin-olive-oil-250ml-rich-natural-flavor-high-quality-food-grade-bottle/Z408AE587A89A54BA9A70Z/p/?o=d7d1c5f66560930b,250.00,sokradorf,250ml  |  EGP 100.00/100ml
noon,Grocery,oils,"Apple Cider Vinegar 473ml - Organic, unfiltered, with the mothers + Free pack of rice cake",https://www.noon.com/egypt-en/apple-cider-vinegar-473ml-organic-unfiltered-with-the-mothers-free-pack-of-rice-cake/ZE87C4A18481AF768650AZ/p/?o=a2f041f0e49b1cea,630.00,Bragg,473ml  |  EGP 133.19/100ml
noon,Grocery,oils,hot oil 210 ml,https://www.noon.com/egypt-en/hot-oil-210-ml/ZFAE47899427B98C5B9A5Z/p/?o=zfae47899427b98c5b9a5z-1,65.00,Saegh,210ml  |  EGP 30.95/100ml
noon,Grocery,oils,Sunflower Oil 700ml,https://www.noon.com/egypt-en/sunflower-oil-700ml/N34276565A/p/?o=f8b88af7d5da227d,87.00,Rehana,800ml  |  EGP 108.75/L
noon,Grocery,oils,Rotary Oil 2.100 Liters,https://www.noon.com/egypt-en/rotary-oil-2-100-liters/ZD8A4056B65A28A5B93EDZ/p/?o=d785d8f951c3e2fb,257.00,Katfa,2100ml  |  EGP 122.38/L
noon,Grocery,oils,Pure Corn Oil 100% - 700 ml,https://www.noon.com/egypt-en/pure-corn-oil-100-700-ml/ZF4FF5D28F4E0F9F7E261Z/p/?o=zf4ff5d28f4e0f9f7e261z-1,92.50,Afia,700ml  |  EGP 132.14/L
noon,Grocery,oils,Super New Zealand Ghee 700g,https://www.noon.com/egypt-en/super-new-zealand-ghee-700g/ZB5FD5C31318CAFC1A9E0Z/p/?o=zb5fd5c31318cafc1a9e0z-1,92.25,Ganna,700g  |  EGP 13.18/100g
noon,Grocery,oils,Balsamic Vinegar - 250 ml,https://www.noon.com/egypt-en/balsamic-vinegar-250-ml/ZBA35EA92DB7C7FA0F0B5Z/p/?o=zba35ea92db7c7fa0f0b5z-1,60.00,SUN GARDEN,500ml  |  EGP 12.00/100ml
noon,Grocery,oils,Extra Light Olive Oil 500ml,https://www.noon.com/egypt-en/extra-light-olive-oil-500ml/N29779137A/p/?o=c3e9b3d272b2348b,529.00,Borges,500ml  |  EGP 105.80/100ml
noon,Grocery,oils,Newzelandy Ghee 350 g Pouch,https://www.noon.com/egypt-en/newzelandy-ghee-350-g-pouch/Z2BFB44EF89EF7E2DBDAEZ/p/?o=z2bfb44ef89ef7e2dbdaez-1,50.50,Ganna,350g  |  EGP 14.43/100g
noon,Grocery,oils,Yellow Vegetable Ghee 350grams,https://www.noon.com/egypt-en/yellow-vegetable-ghee-350grams/N27711255A/p/?o=d673eaffabcdb85f,51.00,Crystal,350g  |  EGP 14.57/100g
noon,Grocery,oils,White Grape Vinegar 500ml,https://www.noon.com/egypt-en/white-grape-vinegar-500ml/N28675994A/p/?o=f4bac2fdfc3318eb,113.00,VARVELLO,500ml  |  EGP 22.60/100ml
noon,Grocery,oils,Sokradorf Refined Coconut Oil 500ml High Quality Cooking Oil Heat Stable & Naturally Solid in Cold Weather,https://www.noon.com/egypt-en/sokradorf-refined-coconut-oil-500ml-high-quality-cooking-oil-heat-stable-naturally-solid-in-cold-weather/ZA65AE0052342101DE763Z/p/?o=cab4c4c84e26787a,300.00,sokradorf,500ml  |  EGP 60.00/100ml
noon,Grocery,oils,Natural Vinegar 1Liters,https://www.noon.com/egypt-en/natural-vinegar-1liters/N34976238A/p/?o=cdf1c225f90d5c9f,24.50,GIARDINO,1000ml  |  EGP 2.45/100ml
noon,Grocery,oils,Rotary Oil 700mm,https://www.noon.com/egypt-en/rotary-oil-700mm/Z3C9A8E57A292A12352EAZ/p/?o=f1a4c9cf8d0bd53e,90.00,Katfa,
noon,Grocery,oils,Mixed Oil 0.7Liters,https://www.noon.com/egypt-en/mixed-oil-0-7liters/N27711427A/p/?o=b70db959fd0f9dfc,62.50,Hedeya,700ml  |  EGP 8.93/100ml
noon,Grocery,oils,Corn Oil 700mm,https://www.noon.com/egypt-en/corn-oil-700mm/Z91A643992C1FC0F28200Z/p/?o=a569e672ea46fc8d,104.00,Katfa,
noon,Grocery,oils,Grape Vinegar 500grams,https://www.noon.com/egypt-en/grape-vinegar-500grams/N45012700A/p/?o=c7f4985f0c779bae,82.75,CHOiCE,500g  |  EGP 16.55/100g
noon,Grocery,oils,Premium Organic Extra Virgin Olive Oil 500ml,https://www.noon.com/egypt-en/premium-organic-extra-virgin-olive-oil-500ml/N40812852A/p/?o=aad78b858b408afc,612.25,TERRA DELYSSA,500ml  |  EGP 122.45/100ml
noon,Grocery,oils,Apple Cider Vinegar collection Pack of 3 pieces*3litres,https://www.noon.com/egypt-en/apple-cider-vinegar-collection-pack-of-3-pieces-3litres/ZE11AAED20079690025AAZ/p/?o=ze11aaed20079690025aaz-1,425.00,CALIFORNIA EGMONT,9L  |  EGP 4.72/100ml
noon,Grocery,oils,White Vegetable Ghee 1.5kg,https://www.noon.com/egypt-en/white-vegetable-ghee-1-5kg/N27711253A/p/?o=cb688247ddad725a,189.95,Crystal,1.5kg  |  EGP 12.66/100g
noon,Grocery,oils,Olive Oil Extra Virgin 500ml,https://www.noon.com/egypt-en/olive-oil-extra-virgin-500ml/N28863091A/p/?o=d89f7af5b6fb2bac,582.95,Iliada,500ml  |  EGP 116.59/100ml
noon,Grocery,oils,White Vegetable Ghee 350grams,https://www.noon.com/egypt-en/white-vegetable-ghee-350grams/N27711250A/p/?o=bd6c272ec9548b8b,51.25,Crystal,350g  |  EGP 14.64/100g
noon,Grocery,oils,Apple Cider Vinegar 250ml,https://www.noon.com/egypt-en/apple-cider-vinegar-250ml/N44809194A/p/?o=a1dcf26096dcebee,93.00,Fersan,250ml  |  EGP 37.20/100ml
noon,Grocery,oils,Organic fermented balsamic vinegar 946ml,https://www.noon.com/egypt-en/organic-fermented-balsamic-vinegar-946ml/ZF202ECDD43709064559EZ/p/?o=zf202ecdd43709064559ez-1,199.00,CALIFORNIA EGMONT,946ml  |  EGP 21.04/100ml
noon,Grocery,oils,Pack of 2 Natural White Vinegar - 900 Ml +  Natural Red Vinegar 900ml,https://www.noon.com/egypt-en/pack-of-2-natural-white-vinegar-900-ml-natural-red-vinegar-900ml/Z820137101C07F94A3AABZ/p/?o=a90806b802c4c02d,65.45,Negmet El Zeitoun,1.8L  |  EGP 3.64/100ml
noon,Grocery,oils,Sports Research Organic MCT Oil from 100% Coconut - 473ml,https://www.noon.com/egypt-en/sports-research-organic-mct-oil-from-100-coconut-473ml/Z332880007C39F0DB86F6Z/p/?o=ab097512a2e4141d,3990.00,SPORTS RESEARCH,473ml  |  EGP 843.55/100ml
noon,Grocery,oils,Olive oil 500ml,https://www.noon.com/egypt-en/olive-oil-500ml/ZD95C81F644F758FD9351Z/p/?o=zd95c81f644f758fd9351z-1,216.00,time food,500ml  |  EGP 43.20/100ml
noon,Grocery,oils,Imtenan Virgin Sesame Oil - 250 ml,https://www.noon.com/egypt-en/imtenan-virgin-sesame-oil-250-ml/ZAB4B99888603D99C9328Z/p/?o=ff7310b59a36090e,355.00,Imtenan,250ml  |  EGP 41.99/fl oz
noon,Grocery,oils,Pure Ghee 1.5kg,https://www.noon.com/egypt-en/pure-ghee-1-5kg/N29980044A/p/?o=fcb93694d7e5e21d,174.95,Rawaby,1.5kg  |  EGP 11.66/100g
noon,Grocery,oils,Natural Vinegar 1Liters,https://www.noon.com/egypt-en/natural-vinegar-1liters/N28909131A/p/?o=b2195110cb74579e,19.00,Wadi Food,1000ml  |  EGP 1.90/100ml
noon,Grocery,oils,Virgin Olive Oil 250ml,https://www.noon.com/egypt-en/virgin-olive-oil-250ml/N51661953A/p/?o=befff3d09488167c,175.50,Nile Garden,250ml  |  EGP 70.20/100ml
noon,Grocery,oils,Oil Omega Plus 700ML,https://www.noon.com/egypt-en/oil-omega-plus-700ml/Z4B4574EA1B26E05978E4Z/p/?o=z4b4574ea1b26e05978e4z-1,86.95,Afia,700ml  |  EGP 124.21/L
noon,Grocery,oils,Flax seed oil,https://www.noon.com/egypt-en/flax-seed-oil/Z160D47E27A2FA7EC1645Z/p/?o=ef21c34bf6cc1dbf,227.00,Ayurveda Egypt,250ml  |  EGP 0.91/100ml
noon,Grocery,oils,Greek Extra Virgin Olive Oil 250ml,https://www.noon.com/egypt-en/greek-extra-virgin-olive-oil-250ml/Z3E6693E6D7A9B7613453Z/p/?o=z3e6693e6d7a9b7613453z-1,299.00,GREEK,250ml  |  EGP 119.60/100ml
noon,Grocery,oils,Keshta Ghee 700grams,https://www.noon.com/egypt-en/keshta-ghee-700grams/N52521653A/p/?o=afa3f55b64f879ec,96.50,Rawaby,700g  |  EGP 13.79/100g
noon,Grocery,oils,Wheat germ oil 30ml,https://www.noon.com/egypt-en/wheat-germ-oil-30ml/ZDB74886EDA2922CB6925Z/p/?o=zdb74886eda2922cb6925z-1,98.00,Shana nature house,30ml  |  EGP 326.67/100ml
noon,Grocery,oils,Proteina Refined Sunflower Oil – 4L Economy Pack – Pure & Light Cooking Oil for Healthy Meals,https://www.noon.com/egypt-en/proteina-refined-sunflower-oil-4l-economy-pack-pure-light-cooking-oil-for-healthy-meals/ZEB910E23A24B59A758F0Z/p/?o=zeb910e23a24b59a758f0z-1,499.99,Proteina,4L  |  EGP 125.00/L
noon,Grocery,oils,Extra Virgin Olive Oil 250ml,https://www.noon.com/egypt-en/extra-virgin-olive-oil-250ml/N28909130A/p/?o=d9ad07d9c27100fa,391.00,Wadi Food,250ml  |  EGP 156.40/100ml
noon,Grocery,oils,Rotary Oil 5 Liter,https://www.noon.com/egypt-en/rotary-oil-5-liter/ZC87C32332743EB7C0AD7Z/p/?o=ee394a0b52d1783d,586.00,Katfa,5000ml  |  EGP 117.20/L
noon,Grocery,oils,Sokradorf Coconut Oil 250ml  High Quality Cooking Oil Heat Stable & Naturally Solid in Cold Weather,https://www.noon.com/egypt-en/sokradorf-coconut-oil-250ml-high-quality-cooking-oil-heat-stable-naturally-solid-in-cold-weather/ZD9F5006659EA50527D51Z/p/?o=fafb7b0c76a2bc0a,190.00,sokradorf,250ml  |  EGP 76.00/100ml
noon,Grocery,oils,Balsamic Vinegar 500ml,https://www.noon.com/egypt-en/balsamic-vinegar-500ml/N28675997A/p/?o=cfd51f96e4bc0efb,177.00,VARVELLO,500ml  |  EGP 35.40/100ml
noon,Grocery,oils,Apple Vinegar 300ml,https://www.noon.com/egypt-en/apple-vinegar-300ml/N12281282A/p/?o=f395f77adaaf8cad,112.75,Yamama,300ml  |  EGP 37.58/100ml
noon,Grocery,oils,Corn oil 1.5 Kg,https://www.noon.com/egypt-en/corn-oil-1-5-kg/Z3F601EBAA39F9AA27AA6Z/p/?o=ab754bc94a52c44a,220.00,Katfa,1500g  |  EGP 4.16/oz
noon,Grocery,oils,Tunisian Extra Virgin Olive Oil 500ml,https://www.noon.com/egypt-en/tunisian-extra-virgin-olive-oil-500ml/Z12FB6AB67AA965811DAEZ/p/?o=z12fb6ab67aa965811daez-1,405.00,MARVEL,500ml  |  EGP 81.00/100ml
noon,Grocery,oils,Al Araiq Apple Cider Vinegar 100% Natural GMO Free - 250 ml,https://www.noon.com/egypt-en/al-araiq-apple-cider-vinegar-100-natural-gmo-free-250-ml/Z6C6CBDA902E467D9AA95Z/p/?o=z6c6cbda902e467d9aa95z-1,69.99,Arekey,250ml  |  EGP 28.00/100ml
noon,Grocery,oils,Sunflower Oil 1.5Liters,https://www.noon.com/egypt-en/sunflower-oil-1-5liters/N27711418A/p/?o=d9c2ebc985c28d8d,142.95,Al-Asil,1.5L  |  EGP 95.30/L
noon,Grocery,oils,Sunflower Oil 700ml,https://www.noon.com/egypt-en/sunflower-oil-700ml/N32652375A/p/?o=a3ccb686dec566ae,69.75,Al-Asil,700ml  |  EGP 99.64/L
noon,Grocery,oils,Gold Standard Olive Oil 500 Ml,https://www.noon.com/egypt-en/gold-standard-olive-oil-500-ml/Z778E0519FBFE454152CFZ/p/?o=z778e0519fbfe454152cfz-1,470.00,Organic Nation,500ml  |  EGP 94.00/100ml
noon,Grocery,oils,Premier Extra Virgin Olive Oil 1000 ml,https://www.noon.com/egypt-en/premier-extra-virgin-olive-oil-1000-ml/Z1EFA6ABBC420C69B7256Z/p/?o=z1efa6abbc420c69b7256z-1,535.00,Premier,1000ml  |  EGP 53.50/100ml
noon,Grocery,oils,Extra virgin Flaxseed oil 250 ml,https://www.noon.com/egypt-en/extra-virgin-flaxseed-oil-250-ml/Z08F9BA93F06AA79A74DCZ/p/?o=z08f9ba93f06aa79a74dcz-1,130.50,Imtenan,250ml  |  EGP 52.20/100ml
noon,Grocery,oils,Yellow Vegetable Ghee 1 KG,https://www.noon.com/egypt-en/yellow-vegetable-ghee-1-kg/Z8DBF1EDD5B961CE9DACDZ/p/?o=z8dbf1edd5b961ce9dacdz-1,123.50,Crystal,1000g  |  EGP 12.35/100g
noon,Grocery,oils,Sokradorf Virgin Olive Oil 250ml  Rich Natural Flavor High Quality Food Grade Bottle,https://www.noon.com/egypt-en/sokradorf-virgin-olive-oil-250ml-rich-natural-flavor-high-quality-food-grade-bottle/Z408AE587A89A54BA9A70Z/p/?o=d7d1c5f66560930b,250.00,sokradorf,250ml  |  EGP 100.00/100ml
noon,Grocery,oils,"Apple Cider Vinegar 473ml - Organic, unfiltered, with the mothers + Free pack of rice cake",https://www.noon.com/egypt-en/apple-cider-vinegar-473ml-organic-unfiltered-with-the-mothers-free-pack-of-rice-cake/ZE87C4A18481AF768650AZ/p/?o=a2f041f0e49b1cea,630.00,Bragg,473ml  |  EGP 133.19/100ml
noon,Grocery,oils,hot oil 210 ml,https://www.noon.com/egypt-en/hot-oil-210-ml/ZFAE47899427B98C5B9A5Z/p/?o=zfae47899427b98c5b9a5z-1,65.00,Saegh,210ml  |  EGP 30.95/100ml
noon,Grocery,oils,Pack of 2 Natural White Vinegar - 900 Ml + Natural Balsamic Grape Vinegar 300 ml,https://www.noon.com/egypt-en/pack-of-2-natural-white-vinegar-900-ml-natural-balsamic-grape-vinegar-300-ml/Z3971CA6FE78C1EF3816CZ/p/?o=e804651e9fd1c97d,73.95,Negmet El Zeitoun,
noon,Grocery,oils,Apple Cider Vinegar 500ml,https://www.noon.com/egypt-en/apple-cider-vinegar-500ml/N46494115A/p/?o=c341e407f825e98f,151.00,Fersan,500ml  |  EGP 30.20/100ml
noon,Grocery,oils,Pure Yellow Vegetable Ghee- 300 grams,https://www.noon.com/egypt-en/pure-yellow-vegetable-ghee-300-grams/ZC57C8EFA6F44C871DE2CZ/p/?o=zc57c8efa6f44c871de2cz-1,40.00,Haboba,300g  |  EGP 13.33/100g
noon,Grocery,oils,Olive oil 1 liter,https://www.noon.com/egypt-en/olive-oil-1-liter/Z5DF8FC692480C6A69B12Z/p/?o=z5df8fc692480c6a69b12z-1,445.00,time food,1000ml  |  EGP 44.50/100ml
noon,Grocery,oils,Dina Farms Pure Ghee - 275 Gram,https://www.noon.com/egypt-en/dina-farms-pure-ghee-275-gram/Z80EA9EFD51C29C06048AZ/p/?o=aa3d825d4ba7bfcd,390.00,DINA FARMS,275g  |  EGP 141.82/100g
noon,Grocery,oils,Syrian Olive Oil 500ml,https://www.noon.com/egypt-en/syrian-olive-oil-500ml/N53127674A/p/?o=d53f57388ab479ec,505.00,Daria,500ml  |  EGP 101.00/100ml
noon,Grocery,oils,Virgin Olive Oil 500ml,https://www.noon.com/egypt-en/virgin-olive-oil-500ml/N51661952A/p/?o=de3db9e7d6764d7f,367.25,Nile Garden,500ml  |  EGP 73.45/100ml
noon,Grocery,oils,Pineapple vinegar,https://www.noon.com/egypt-en/pineapple-vinegar/Z2C535435CDEB300EB3CAZ/p/?o=e2fdc9fbc113414a,199.00,CALIFORNIA EGMONT,
noon,Grocery,oils,Olive oil 750ml,https://www.noon.com/egypt-en/olive-oil-750ml/ZC43EEEE1264865A8EB39Z/p/?o=zc43eeee1264865a8eb39z-1,347.50,time food,750ml  |  EGP 46.33/100ml
noon,Grocery,oils,Premium Organic Extra Virgin Olive Oil Spray - 200 ml,https://www.noon.com/egypt-en/premium-organic-extra-virgin-olive-oil-spray-200-ml/Z2DEEC78CA86ED0B33907Z/p/?o=z2deec78ca86ed0b33907z-1,533.00,TERRA DELYSSA,200ml  |  EGP 266.50/100ml
noon,Grocery,oils,Eshta Ghee 350 g Pouch,https://www.noon.com/egypt-en/eshta-ghee-350-g-pouch/Z40FE2A15D866E6D87FF7Z/p/?o=z40fe2a15d866e6d87ff7z-1,51.25,Rawaby,350g  |  EGP 14.64/100g
noon,Grocery,oils,White Vegetable Ghee Pack 1.45 kg,https://www.noon.com/egypt-en/white-vegetable-ghee-pack-1-45-kg/ZC67D06C3C183018E1F22Z/p/?o=d500ef046a8784af,162.00,Kout El Kolob,1.45kg  |  EGP 11.17/100g
noon,Grocery,oils,Red Grape Vinegar,https://www.noon.com/egypt-en/red-grape-vinegar/N28675995A/p/?o=c1b1ad045858e0da,125.25,VARVELLO,
noon,Grocery,oils,Corn Oil 2.100 mm,https://www.noon.com/egypt-en/corn-oil-2-100-mm/Z8DD8CF55B7DD16968918Z/p/?o=afdfe73cf8f42fcb,305.00,Katfa,
noon,Grocery,oils,Coconut Oil 1 Llitre,https://www.noon.com/egypt-en/coconut-oil-1-llitre/Z3C089540D0930E616FC1Z/p/?o=b94463dde89d2bbe,349.00,MARVEL,1000ml  |  EGP 34.90/100ml
noon,Grocery,oils,Coconut Oil,https://www.noon.com/egypt-en/coconut-oil/Z3D1F62A3A9DF7765D304Z/p/?o=fa9b7d2090265e3e,370.00,Ayurveda Egypt,250ml  |  EGP 1.48/100ml
noon,Grocery,oils,California Egmont  Apple Cider Vinegar3 pieces*3litres with green tea250 gram,https://www.noon.com/egypt-en/california-egmont-apple-cider-vinegar3-pieces-3litres-with-green-tea250-gram/Z739A92C104A983F26EC3Z/p/?o=z739a92c104a983f26ec3z-1,499.00,CALIFORNIA EGMONT,9L  |  EGP 5.54/100ml
noon,Grocery,oils,Virgin Olive Oil - 125 ml,https://www.noon.com/egypt-en/virgin-olive-oil-125-ml/ZC4BA7909D622E25B9745Z/p/?o=zc4ba7909d622e25b9745z-1,83.80,Gardenia,125ml  |  EGP 67.04/100ml
noon,Grocery,oils,Saegh virgin olive oil 500 ml,https://www.noon.com/egypt-en/saegh-virgin-olive-oil-500-ml/Z8E8BD716692363AA1E4FZ/p/?o=z8e8bd716692363aa1e4fz-1,315.00,Saegh,500ml  |  EGP 63.00/100ml
noon,Grocery,oils,Nuri Extra Virgin Olive Oil 250 ml,https://www.noon.com/egypt-en/nuri-extra-virgin-olive-oil-250-ml/Z24710F4BBAEE0B809385Z/p/?o=ef99f2897fb4bfbb,226.00,Nuri,250ml  |  EGP 90.40/100ml
noon,Grocery,oils,Olive Oil 1Liters,https://www.noon.com/egypt-en/olive-oil-1liters/N35958680A/p/?o=f95ff57f8563714d,480.00,DOBELLA,1000ml  |  EGP 48.00/100ml
noon,Grocery,oils,Olive oil 500ml +150 gift,https://www.noon.com/egypt-en/olive-oil-500ml-150-gift/Z279EA842F3A52D9A5986Z/p/?o=z279ea842f3a52d9a5986z-1,350.00,Gardenia,625ml  |  EGP 56.00/100ml
noon,Grocery,oils,Corn Oil 1Liters,https://www.noon.com/egypt-en/corn-oil-1liters/N27711262A/p/?o=bcc97babd882219c,155.00,Crystal,900ml  |  EGP 17.22/100ml
noon,Grocery,oils,Gentle Extra Virgin Olive Oil - 500ml,https://www.noon.com/egypt-en/gentle-extra-virgin-olive-oil-500ml/N43406263A/p/?o=c90f8e99c4d7994f,675.00,Iliada,500ml  |  EGP 135.00/100ml
noon,Grocery,oils,Natural Butter Ghee 1.6kg,https://www.noon.com/egypt-en/natural-butter-ghee-1-6kg/N34324125A/p/?o=c4cbeaca1872e5aa,1050.00,Haloub Al Missalia,1.6kg  |  EGP 65.62/100g
noon,Grocery,oils,Extra Virgin Olive Oil - 1Liters,https://www.noon.com/egypt-en/extra-virgin-olive-oil-1liters/N43406260A/p/?o=f49b5bcc687c2b3e,1104.00,Iliada,1000ml  |  EGP 110.40/100ml
noon,Grocery,oils,Saegh mixed virgin olive oil 250 ml,https://www.noon.com/egypt-en/saegh-mixed-virgin-olive-oil-250-ml/ZCF6486AAFA4B00D49A42Z/p/?o=zcf6486aafa4b00d49a42z-1,220.00,Saegh,210ml  |  EGP 104.76/100ml
noon,Grocery,oils,Classic Olive Oil For Cooking Barbecue And Grill 125ml,https://www.noon.com/egypt-en/classic-olive-oil-for-cooking-barbecue-and-grill-125ml/N46494109A/p/?o=c97c900914693c4c,144.00,Borges,125ml  |  EGP 115.20/100ml
noon,Grocery,oils,Natural White Vinegar - 900 gm- Box,https://www.noon.com/egypt-en/natural-white-vinegar-900-gm-box/Z65CB234F2AAB0CACE265Z/p/?o=z65cb234f2aab0cace265z-1,215.00,Negmet El Zeitoun,900g  |  EGP 23.89/100g
noon,Grocery,oils,Organic Flax Seed Oil 250ml,https://www.noon.com/egypt-en/organic-flax-seed-oil-250ml/ZB10819FB1E6E7618D965Z/p/?o=zb10819fb1e6e7618d965z-1,140.00,Organic Nation,250ml  |  EGP 56.00/100ml
noon,Grocery,oils,Flax Seed Oil 250ml,https://www.noon.com/egypt-en/flax-seed-oil-250ml/N32420944A/p/?o=b530e119791eab2b,164.00,Sekem,250ml  |  EGP 65.60/100ml
noon,Grocery,oils,Olive Oil 250g,https://www.noon.com/egypt-en/olive-oil-250g/Z4CBFAEBD24D6CC1BE6C4Z/p/?o=z4cbfaebd24d6cc1be6c4z-1,269.95,Haj Arafa,250g  |  EGP 107.98/100g
noon,Grocery,oils,Olive Oil 250ml,https://www.noon.com/egypt-en/olive-oil-250ml/N32420943A/p/?o=a0da2c1ef067931a,298.50,Sekem,250ml  |  EGP 119.40/100ml
noon,Grocery,oils,Organic Fermented Apple Cider Vinegar (Blueberry and pomegranate) 946ml,https://www.noon.com/egypt-en/organic-fermented-apple-cider-vinegar-blueberry-and-pomegranate-946ml/ZDBE696956F5A3F9CFD6FZ/p/?o=zdbe696956f5a3f9cfd6fz-1,199.00,CALIFORNIA EGMONT,946ml  |  EGP 21.04/100ml
noon,Grocery,oils,Saegh natural vinegar 800 ml,https://www.noon.com/egypt-en/saegh-natural-vinegar-800-ml/Z159EBC07DBD41AFDA6E5Z/p/?o=z159ebc07dbd41afda6e5z-1,30.00,Saegh,800ml  |  EGP 3.75/100ml
noon,Grocery,oils,Extra Virgin Olive Oil 250ML,https://www.noon.com/egypt-en/extra-virgin-olive-oil-250ml/Z3E15F76984743EF2FE1DZ/p/?o=fca32b59256067ca,279.00,Alnour,250ml  |  EGP 111.60/100ml
noon,Grocery,oils,Extra Virgin Olive Oil 500ml,https://www.noon.com/egypt-en/extra-virgin-olive-oil-500ml/N52196835A/p/?o=bcfd33e4bb63518a,675.00,Iliada,500ml  |  EGP 135.00/100ml
noon,Grocery,oils,Domaine Natroun Extra Virgin Olive Oil Amphora 500ml,https://www.noon.com/egypt-en/domaine-natroun-extra-virgin-olive-oil-amphora-500ml/N38961000A/p/?o=e193aeba1cd2116c,1305.00,Wadi Food,500ml  |  EGP 261.00/100ml
noon,Grocery,oils,Imtenan Flaxseed Oil - 250ml,https://www.noon.com/egypt-en/imtenan-flaxseed-oil-250ml/Z2BE654C2F0879AF1C5E2Z/p/?o=d4d2840bfff1debb,233.00,Imtenan,250ml  |  EGP 93.20/100ml
noon,Grocery,oils,Ghee 350grams,https://www.noon.com/egypt-en/ghee-350grams/N29980043A/p/?o=c40898f5ac33ba2b,41.95,Rawaby,350g  |  EGP 11.99/100g
noon,Grocery,oils,Premium Extra Virgin Olive Oil 250ml,https://www.noon.com/egypt-en/premium-extra-virgin-olive-oil-250ml/N40812850A/p/?o=b747c3ec82607fab,398.00,TERRA DELYSSA,250ml  |  EGP 159.20/100ml
noon,Grocery,oils,Yellow Vegetable Ghee 2kg,https://www.noon.com/egypt-en/yellow-vegetable-ghee-2kg/N27711272A/p/?o=ca90b3e8cf0feeaf,244.95,Crystal,2kg  |  EGP 12.25/100g
noon,Grocery,oils,Natural Balsamic Grape Vinegar 300ml,https://www.noon.com/egypt-en/natural-balsamic-grape-vinegar-300ml/N41989343A/p/?o=e8223bb89c999bcf,45.00,Negmet El Zeitoun,300ml  |  EGP 15.00/100ml
noon,Grocery,oils,Saegh natural vinegar 1L,https://www.noon.com/egypt-en/saegh-natural-vinegar-1l/Z663FB4936DA4D898F738Z/p/?o=z663fb4936da4d898f738z-1,32.00,Saegh,1000ml  |  EGP 3.20/100ml
noon,Grocery,oils,Gold Standard Olive Oil 250 Ml,https://www.noon.com/egypt-en/gold-standard-olive-oil-250-ml/Z664E4DF26E9D4225C3B4Z/p/?o=z664e4df26e9d4225c3b4z-1,275.00,Organic Nation,250ml  |  EGP 110.00/100ml
noon,Grocery,oils,Ghee tin (650 g) white,https://www.noon.com/egypt-en/ghee-tin-650-g-white/Z18600EF5745AD7114687Z/p/?o=e34c9d734beb1aad,92.00,Katfa,650g  |  EGP 14.15/100g
noon,Grocery,oils,Healthy Sesame Oil bottle 250ml,https://www.noon.com/egypt-en/healthy-sesame-oil-bottle-250ml/N43255566A/p/?o=e1940ab15b663d8d,190.00,DOBELLA,250ml  |  EGP 76.00/100ml
noon,Grocery,oils,Corn Oil Spray 200ml (Pack of 2),https://www.noon.com/egypt-en/corn-oil-spray-200ml-pack-of-2/ZCE44F04F6A7E238D4146Z/p/?o=a0a8884edb4de23f,60.00,Crystal,
noon,Grocery,oils,Vegetable Ghee 1.5kg,https://www.noon.com/egypt-en/vegetable-ghee-1-5kg/N27711411A/p/?o=c1d98b246af6b4fa,188.75,El Hanim,1.5kg  |  EGP 12.58/100g
noon,Grocery,oils,Sokradorf Virgin Olive Oil 250ml  Rich Natural Flavor High Quality Food Grade Bottle,https://www.noon.com/egypt-en/sokradorf-virgin-olive-oil-250ml-rich-natural-flavor-high-quality-food-grade-bottle/Z408AE587A89A54BA9A70Z/p/?o=d7d1c5f66560930b,250.00,sokradorf,250ml  |  EGP 100.00/100ml
noon,Grocery,oils,"Apple Cider Vinegar 473ml - Organic, unfiltered, with the mothers + Free pack of rice cake",https://www.noon.com/egypt-en/apple-cider-vinegar-473ml-organic-unfiltered-with-the-mothers-free-pack-of-rice-cake/ZE87C4A18481AF768650AZ/p/?o=a2f041f0e49b1cea,630.00,Bragg,473ml  |  EGP 133.19/100ml
noon,Grocery,oils,hot oil 210 ml,https://www.noon.com/egypt-en/hot-oil-210-ml/ZFAE47899427B98C5B9A5Z/p/?o=zfae47899427b98c5b9a5z-1,65.00,Saegh,210ml  |  EGP 30.95/100ml
noon,Grocery,oils,Dr. Foods Extra Virgin Coconut Oil – 500ml | Cold-Pressed | Glass Jar,https://www.noon.com/egypt-en/dr-foods-extra-virgin-coconut-oil-500ml-cold-pressed-glass-jar/ZAD28E7A2AD893AACB22DZ/p/?o=zad28e7a2ad893aacb22dz-1,480.00,Dr. Foods,500ml  |  EGP 96.00/100ml
noon,Grocery,oils,Extra Virgin Olive Oil 500ml,https://www.noon.com/egypt-en/extra-virgin-olive-oil-500ml/N29762543A/p/?o=cd5da1eaece51c4e,692.00,Wadi Food,500ml  |  EGP 138.40/100ml
noon,Grocery,oils,"Al Areka Virgin Olive Oil, 500ml - Glass Bottle",https://www.noon.com/egypt-en/al-areka-virgin-olive-oil-500ml-glass-bottle/Z00C4CD70A156AD28E8E9Z/p/?o=z00c4cd70a156ad28e8e9z-1,289.99,Arekey,500ml  |  EGP 58.00/100ml
noon,Grocery,oils,Flaxseed Hot Oil - 250 ml,https://www.noon.com/egypt-en/flaxseed-hot-oil-250-ml/Z0DB18D79832266D0E6BBZ/p/?o=z0db18d79832266d0e6bbz-1,134.00,Gardenia,250ml  |  EGP 53.60/100ml
noon,Grocery,oils,Rotary Oil 970 ml,https://www.noon.com/egypt-en/rotary-oil-970-ml/ZD49FE3A1702C7B230B59Z/p/?o=ca0e0a5abcbebb7c,123.00,Katfa,970ml  |  EGP 126.80/L
noon,Grocery,oils,Virgin olive oil 1 liter,https://www.noon.com/egypt-en/virgin-olive-oil-1-liter/Z9688C44A392466828438Z/p/?o=z9688c44a392466828438z-1,930.00,SUN GARDEN,1000ml  |  EGP 93.00/100ml
noon,Grocery,oils,Ginger oil 30ml,https://www.noon.com/egypt-en/ginger-oil-30ml/Z897D387F0C7AA8325C21Z/p/?o=z897d387f0c7aa8325c21z-1,100.00,Shana nature house,30ml  |  EGP 333.33/100ml
noon,Grocery,oils,Flaxseed Oil 165ml,https://www.noon.com/egypt-en/flaxseed-oil-165ml/ZD48F377961D28208FDF6Z/p/?o=zd48f377961d28208fdf6z-1,63.20,Marvel for Food,165ml  |  EGP 38.30/100ml
noon,Grocery,oils,Corn Oil 2.2Liters,https://www.noon.com/egypt-en/corn-oil-2-2liters/N38705934A/p/?o=fa4ba5e0fef6767e,288.00,Rehana,2.35L  |  EGP 122.55/L
noon,Grocery,oils,Virgin olive oil 500ml,https://www.noon.com/egypt-en/virgin-olive-oil-500ml/Z52DC340136230440C2ABZ/p/?o=z52dc340136230440c2abz-1,500.00,SUN GARDEN,500ml  |  EGP 100.00/100ml
noon,Grocery,oils,Sokradorf Virgin Olive Oil 500ml Rich Natural Flavor High Quality Food Grade Bottle,https://www.noon.com/egypt-en/sokradorf-virgin-olive-oil-500ml-rich-natural-flavor-high-quality-food-grade-bottle/ZF2713590267B228FF5F6Z/p/?o=b367a77509e205ff,370.00,sokradorf,500ml  |  EGP 74.00/100ml
noon,Grocery,oils,Vegetable Ghee 350grams,https://www.noon.com/egypt-en/vegetable-ghee-350grams/N27711413A/p/?o=a2c3d1fa1e81a23f,42.50,Kout El Kolob,350g  |  EGP 12.14/100g
noon,Grocery,oils,"Vegetable Ghee, 700g 700grams",https://www.noon.com/egypt-en/vegetable-ghee-700g-700grams/N27711256A/p/?o=fb2ab4ec1f27241a,106.00,Crystal,700g  |  EGP 15.14/100g
noon,Grocery,oils,Virgin Olive Oil Espana 500ml,https://www.noon.com/egypt-en/virgin-olive-oil-espana-500ml/N49538588A/p/?o=c3a856594bb50f6b,686.25,La Pedriza,500ml  |  EGP 137.25/100ml
noon,Grocery,oils,Red Grape Vinegar - 250 ml,https://www.noon.com/egypt-en/red-grape-vinegar-250-ml/Z6B55A6DF00C8F1199C3CZ/p/?o=z6b55a6df00c8f1199c3cz-1,64.35,Gardenia,500ml  |  EGP 12.87/100ml
noon,Grocery,oils,Red Grape Vinegar 750ml,https://www.noon.com/egypt-en/red-grape-vinegar-750ml/N12281283A/p/?o=fee2bf9587eab83b,258.00,Yamama,750ml  |  EGP 34.40/100ml
noon,Grocery,oils,Olive Oil Extra Version with Chili Flavor- 250 ml,https://www.noon.com/egypt-en/olive-oil-extra-version-with-chili-flavor-250-ml/Z75BEE50AD19C122C5F99Z/p/?o=z75bee50ad19c122c5f99z-1,299.25,AL Gahez,250ml  |  EGP 119.70/100ml
noon,Grocery,oils,Flaxseed oil 150 ml,https://www.noon.com/egypt-en/flaxseed-oil-150-ml/ZD1BB88C45828621EF268Z/p/?o=zd1bb88c45828621ef268z-1,102.00,Shana,150ml  |  EGP 68.00/100ml
noon,Grocery,oils,Balsamic 300.0ml,https://www.noon.com/egypt-en/balsamic-300-0ml/N28676069A/p/?o=db3dcb6dabdc06eb,199.00,Yamama,300.0ml  |  EGP 66.33/100ml
noon,Grocery,oils,Natural White Vinegar 1Liters,https://www.noon.com/egypt-en/natural-white-vinegar-1liters/N12281279A/p/?o=d0d3db9e1c26e09f,79.00,Yamama,1000ml  |  EGP 7.90/100ml
noon,Grocery,oils,Virgin Olive Oil 1Liters,https://www.noon.com/egypt-en/virgin-olive-oil-1liters/N49538589A/p/?o=ff75161b2601efcb,1329.25,La Pedriza,1000ml  |  EGP 132.92/100ml
noon,Grocery,oils,Grape Vinegar 300ml,https://www.noon.com/egypt-en/grape-vinegar-300ml/N12281284A/p/?o=b254b501d5a405bf,129.00,Yamama,300ml  |  EGP 43.00/100ml
noon,Grocery,oils,Natural Balsamic Vinegar - 300 Ml - pack of 12,https://www.noon.com/egypt-en/natural-balsamic-vinegar-300-ml-pack-of-12/Z017C2C82781E2A7AFFF6Z/p/?o=z017c2c82781e2a7afff6z-1,450.00,Negmet El Zeitoun,3.6L  |  EGP 12.50/100ml
noon,Grocery,oils,Real Red Grape Vinegar 500ml,https://www.noon.com/egypt-en/real-red-grape-vinegar-500ml/N52149604A/p/?o=cd05ba04cdb0a3cf,108.00,Aceto,500ml  |  EGP 21.60/100ml
noon,Grocery,oils,Olive Oil Extra Version with Rosemary Flavor- 250 ml,https://www.noon.com/egypt-en/olive-oil-extra-version-with-rosemary-flavor-250-ml/Z4E8367D2B9EBE752B47AZ/p/?o=z4e8367d2b9ebe752b47az-1,299.25,AL Gahez,250ml  |  EGP 119.70/100ml
noon,Grocery,oils,Extra Virgin Olive Oil 500grams  Single,https://www.noon.com/egypt-en/extra-virgin-olive-oil-500grams-single/N52996233A/p/?o=f4ef0f285d24d8be,370.00,NABTAH,500g  |  EGP 74.00/100g
noon,Grocery,oils,Herbestec Extra Virgin Olive Oil 500ml,https://www.noon.com/egypt-en/herbestec-extra-virgin-olive-oil-500ml/Z80D23191DF9553EDF044Z/p/?o=z80d23191df9553edf044z-1,450.00,Herbistice,500ml  |  EGP 90.00/100ml
noon,Grocery,oils,Olive Oil Extra Version- 250 ml,https://www.noon.com/egypt-en/olive-oil-extra-version-250-ml/ZBE55DE6E82D09AC435AEZ/p/?o=zbe55de6e82d09ac435aez-1,318.00,AL Gahez,250ml  |  EGP 127.20/100ml
noon,Grocery,oils,Virgin olive oil 250ml,https://www.noon.com/egypt-en/virgin-olive-oil-250ml/Z88EEAE1D753EADDF0399Z/p/?o=z88eeae1d753eaddf0399z-1,265.00,SUN GARDEN,250ml  |  EGP 106.00/100ml
noon,Grocery,oils,Olive Oil Extra Version with Garlic Flavor- 250 ml,https://www.noon.com/egypt-en/olive-oil-extra-version-with-garlic-flavor-250-ml/Z1813734F4ECD999377ECZ/p/?o=z1813734f4ecd999377ecz-1,299.25,AL Gahez,250ml  |  EGP 119.70/100ml
noon,Grocery,oils,Red Grapes Vinegar 250ml,https://www.noon.com/egypt-en/red-grapes-vinegar-250ml/ZCAC37F67EEAF5E96169AZ/p/?o=zcac37f67eeaf5e96169az-1,140.00,Organic Nation,250ml  |  EGP 56.00/100ml
noon,Grocery,oils,Virgin olive oil 125ml,https://www.noon.com/egypt-en/virgin-olive-oil-125ml/ZE4C00B175CA0DF9D017BZ/p/?o=ze4c00b175ca0df9d017bz-1,185.00,SUN GARDEN,125ml  |  EGP 148.00/100ml
noon,Grocery,oils,Apple Cider Vinegar collection Pack of 2 pieces*946 ml,https://www.noon.com/egypt-en/apple-cider-vinegar-collection-pack-of-2-pieces-946-ml/Z9F7FB76BA1554001D6FEZ/p/?o=z9f7fb76ba1554001d6fez-1,325.00,CALIFORNIA EGMONT,1.892L  |  EGP 17.18/100ml
noon,Grocery,oils,Olive oil extra virgin,https://www.noon.com/egypt-en/olive-oil-extra-virgin/ZC5161A354F3ACC9BE2ADZ/p/?o=f5b205818a37ee7b,247.00,Ayurveda Egypt,
noon,Grocery,oils,Olive Oil 500ml,https://www.noon.com/egypt-en/olive-oil-500ml/N35958679A/p/?o=b811d1ba6fcc717e,315.75,DOBELLA,500ml  |  EGP 63.15/100ml
noon,Grocery,oils,Syrian Olive Oil 250ml,https://www.noon.com/egypt-en/syrian-olive-oil-250ml/N53127673A/p/?o=cbf39fa7f19b209f,248.50,Daria,250ml  |  EGP 99.40/100ml
noon,Grocery,oils,Extra vigin olive oil 750ml,https://www.noon.com/egypt-en/extra-vigin-olive-oil-750ml/Z1033C3F0DC6D6B879731Z/p/?o=z1033c3f0dc6d6b879731z-1,542.50,Gardenia,750ml  |  EGP 72.33/100ml
noon,Grocery,oils,Peanut Oil 250ml,https://www.noon.com/egypt-en/peanut-oil-250ml/N34024008A/p/?o=a72a7cae32006a1e,187.00,Sekem,250ml  |  EGP 74.80/100ml
noon,Grocery,oils,Natural Sesame Oil 250ml,https://www.noon.com/egypt-en/natural-sesame-oil-250ml/Z745FDD729D7133D3692EZ/p/?o=z745fdd729d7133d3692ez-1,230.00,Herbistice,250ml  |  EGP 92.00/100ml
noon,Grocery,oils,Extra Virgin Olive Oil 250ml,https://www.noon.com/egypt-en/extra-virgin-olive-oil-250ml/N49538585A/p/?o=be6af12b9689ce5f,457.00,La Pedriza,250ml  |  EGP 182.80/100ml
noon,Grocery,oils,Virgin Olive Oil – Premium Cold Pressed – Natural Antioxidant-Rich Healthy Cooking Oil – 500ml Glass Bottle,https://www.noon.com/egypt-en/virgin-olive-oil-premium-cold-pressed-natural-antioxidant-rich-healthy-cooking-oil-500ml-glass-bottle/Z4E480D8CBE18F3F2E957Z/p/?o=z4e480d8cbe18f3f2e957z-1,279.99,Areeq,500ml  |  EGP 56.00/100ml
noon,Grocery,oils,Corn Oil 700ml,https://www.noon.com/egypt-en/corn-oil-700ml/N34276566A/p/?o=a24c41d8715a66dc,93.00,Rehana,800ml  |  EGP 116.25/L
noon,Grocery,oils,Ghee 700grams,https://www.noon.com/egypt-en/ghee-700grams/N51065282A/p/?o=b32c398cc874bcdc,96.50,Rawaby,700g  |  EGP 13.79/100g
noon,Grocery,oils,Vegetable Ghee 650grams,https://www.noon.com/egypt-en/vegetable-ghee-650grams/N29892130A/p/?o=e0c97c76bb95708d,77.00,Kout El Kolob,650g  |  EGP 11.85/100g
noon,Grocery,oils,Apple Cider Vinegar collection Pack of 3 pieces*,https://www.noon.com/egypt-en/apple-cider-vinegar-collection-pack-of-3-pieces/Z9895B45F5CE2E507486BZ/p/?o=z9895b45f5ce2e507486bz-1,425.00,CALIFORNIA EGMONT,9L  |  EGP 4.72/100ml
noon,Grocery,oils,Natural Apple Vinegar - 300 Ml - Box,https://www.noon.com/egypt-en/natural-apple-vinegar-300-ml-box/ZE184F519710BB4509E18Z/p/?o=ze184f519710bb4509e18z-1,375.00,Negmet El Zeitoun,300ml  |  EGP 125.00/100ml
noon,Grocery,oils,California Egmont Organic Fermented Apple Cider Vinegar with Strawberry 946ml,https://www.noon.com/egypt-en/california-egmont-organic-fermented-apple-cider-vinegar-with-strawberry-946ml/Z157F833AE67A0DF0043EZ/p/?o=z157f833ae67a0df0043ez-1,199.00,CALIFORNIA EGMONT,946ml  |  EGP 21.04/100ml
noon,Grocery,oils,Natural Yellow Vegetable Ghee- 600 grams,https://www.noon.com/egypt-en/natural-yellow-vegetable-ghee-600-grams/Z8498DDDD657B2EF429AEZ/p/?o=z8498dddd657b2ef429aez-1,79.00,Haboba,600g  |  EGP 13.17/100g
noon,Grocery,oils,Virgin Olive Oil 1000ml,https://www.noon.com/egypt-en/virgin-olive-oil-1000ml/N51661951A/p/?o=e3eef738ca8a8dde,832.50,Nile Garden,1000ml  |  EGP 83.25/100ml
noon,Grocery,oils,Vegetable Ghee 2.5kg,https://www.noon.com/egypt-en/vegetable-ghee-2-5kg/N27711412A/p/?o=a9689458cacbf94c,284.95,El Hanim,2.5kg  |  EGP 11.40/100g
noon,Grocery,oils,Sokradorf Virgin Olive Oil 250ml  Rich Natural Flavor High Quality Food Grade Bottle,https://www.noon.com/egypt-en/sokradorf-virgin-olive-oil-250ml-rich-natural-flavor-high-quality-food-grade-bottle/Z408AE587A89A54BA9A70Z/p/?o=d7d1c5f66560930b,250.00,sokradorf,250ml  |  EGP 100.00/100ml
noon,Grocery,oils,"Apple Cider Vinegar 473ml - Organic, unfiltered, with the mothers + Free pack of rice cake",https://www.noon.com/egypt-en/apple-cider-vinegar-473ml-organic-unfiltered-with-the-mothers-free-pack-of-rice-cake/ZE87C4A18481AF768650AZ/p/?o=a2f041f0e49b1cea,630.00,Bragg,473ml  |  EGP 133.19/100ml
noon,Grocery,oils,hot oil 210 ml,https://www.noon.com/egypt-en/hot-oil-210-ml/ZFAE47899427B98C5B9A5Z/p/?o=zfae47899427b98c5b9a5z-1,65.00,Saegh,210ml  |  EGP 30.95/100ml
noon,Grocery,oils,Dr. Foods Turbid Organic Apple Cider Vinegar – 500ml | Unfiltered | With the Mother,https://www.noon.com/egypt-en/dr-foods-turbid-organic-apple-cider-vinegar-500ml-unfiltered-with-the-mother/Z2707DEB421048E876A75Z/p/?o=z2707deb421048e876a75z-1,280.00,Dr. Foods,500ml  |  EGP 56.00/100ml
noon,Grocery,oils,"Nature's Way USDA Organic Extra Virgin Coconut Oil- Pure, Cold-Pressed, Non-GMO, 16 Ounces",https://www.noon.com/egypt-en/nature-s-way-usda-organic-extra-virgin-coconut-oil-pure-cold-pressed-non-gmo-16-ounces/ZBD8E911EFF100A69E39FZ/p/?o=c122c9ac1d0926fa,3685.00,Nature's Way,16fl oz  |  EGP 778.78/100ml
noon,Grocery,oils,"California Gold Nutrition, Organic MCT Oil, 12 fl oz (355 ml)",https://www.noon.com/egypt-en/california-gold-nutrition-organic-mct-oil-12-fl-oz-355-ml/Z425388F8C4A828DB2D00Z/p/?o=c861fe253783d1df,5885.00,California Gold Nutrition,355ml  |  EGP 1657.75/100ml
noon,Grocery,oils,"Sports Research, MCT Oil derived only from Organic Coconuts Keto C8, Caprylic Acid MCT, Unflavored, 16 fl oz (473 ml)",https://www.noon.com/egypt-en/sports-research-mct-oil-derived-only-from-organic-coconuts-keto-c8-caprylic-acid-mct-unflavored-16-fl-oz-473-ml/Z9146359A4263618808BDZ/p/?o=c54c1ead89b90d6e,6788.00,SPORTS RESEARCH,473ml  |  EGP 1435.10/100ml
noon,Grocery,oils,"Raw, unfiltered organic apple cider vinegar with ""Mother of Vinegar"" - 473ml for digestive and immune support from Pragg",https://www.noon.com/egypt-en/raw-unfiltered-organic-apple-cider-vinegar-with-mother-of-vinegar-473ml-for-digestive-and-immune-support-from-pragg/Z4CA2B2EE29D512F5B9C5Z/p/?o=d6c60fa2d3311c8b,1050.00,sanosan,473ml  |  EGP 221.99/100ml
noon,Grocery,oils,"Garden of Life Dr. Formulated Brain Health  Organic Coconut MCT Oil 16 fl oz Unflavored, 13g MCTs, Keto & Paleo Diet Friendly Body & Brain Fuel, Certified Non-GMO Vegan & Gluten Free, Hexane-Free",https://www.noon.com/egypt-en/garden-of-life-dr-formulated-brain-health-organic-coconut-mct-oil-16-fl-oz-unflavored-13g-mcts-keto-paleo-diet-friendly-body-brain-fuel-certified-non-gmo-vegan-gluten-free-hexane-free/Z9436783CA905368F26DEZ/p/?o=b2f4d79c9d7b7b1a,3700.00,Garden of Life,16fl oz  |  EGP 781.95/100ml
noon,Grocery,oils,Sana 100% Natural Extra Virgin Olive Oil – Cold Pressed (500 ml),https://www.noon.com/egypt-en/sana-100-natural-extra-virgin-olive-oil-cold-pressed-500-ml/Z00E325182B1CD187A3EAZ/p/?o=e31ae20e1535d2bc,490.00,SANA,500ml  |  EGP 0.98/100ml
noon,Grocery,oils,Sports Research Premium MCT Oil derived only from Organic Coconuts - BPA free bottle | The only MCT oil certified Paleo Safe and registered by the Vegan Society. Non-GMO a,https://www.noon.com/egypt-en/sports-research-premium-mct-oil-derived-only-from-organic-coconuts-bpa-free-bottle-the-only-mct-oil-certified-paleo-safe-and-registered-by-the-vegan-society-non-gmo-a/Z38BD747486F9F5658F87Z/p/?o=a178c0c5583bc7ec,8777.00,SPORTS RESEARCH,16fl oz  |  EGP 781.95/100ml
noon,Grocery,oils,"SPORTS RESEARCH Organic MCT Oil (C8 + C10 + C12), 16 fl oz (473 ml}",https://www.noon.com/egypt-en/sports-research-organic-mct-oil-c8-c10-c12-16-fl-oz-473-ml/ZCE5A799BF70C4E7B60E4Z/p/?o=c63bf13b5f73720b,5999.00,SPORTS RESEARCH,473ml  |  EGP 1268.29/100ml
noon,Grocery,oils,زيت حار 500مل,https://www.noon.com/egypt-en/500/ZFA2A99DEC66423D2CE23Z/p/?o=zfa2a99dec66423d2ce23z-1,109.00,مارفل,500ml  |  EGP 21.80/100ml
noon,Grocery,oils,مجموعة خل التفاح العضوي 100% كاليفورنيا إيغمونت | خل التفاح الطبيعي 100% | خام،ونقى وغير مفلتر مع الأم | ACV |عبوة من 2قطع| طاقة أكبر، بشرة أكثر نقاءً و (30%خصم),https://www.noon.com/egypt-en/100-100-acv-2-30/Z3574CD79E516E86E08D2Z/p/?o=z3574cd79e516e86e08d2z-1,325.00,كاليفورنيا إيغمونت,1.892L  |  EGP 17.18/100ml
noon,Grocery,oils,زيت السمسم العضوي,https://www.noon.com/egypt-en/product/ZF2E473152E8946D49BFAZ/p/?o=cd6a5615f80ae40a,253.00,أيورفيدا,250ml  |  EGP 1.01/100ml
noon,Grocery,oils,مجموعة خل التفاح العضوي - عبوة من ثلاث قطع - 946 مل مع الشاى الاخضر 250جرام,https://www.noon.com/egypt-en/946-250/Z556D6453A56D9E1D4569Z/p/?o=z556d6453a56d9e1d4569z-1,525.00,كاليفورنيا إيغمونت,3 pieces  |  EGP 175.00/piece
noon,Grocery,oils,زيت زيتون 150 مل,https://www.noon.com/egypt-en/150/Z37EF6CD371E436D0A01FZ/p/?o=z37ef6cd371e436d0a01fz-1,113.00,دوبيلا,150ml  |  EGP 75.33/100ml
noon,Grocery,oils,زيت زيتون تونسي بكر ممتاز 165مل,https://www.noon.com/egypt-en/165/Z6FE18182E83759F2E059Z/p/?o=z6fe18182e83759f2e059z-1,169.00,مارفل,165ml  |  EGP 102.42/100ml
noon,Grocery,oils,زيت برتقال30 مل,https://www.noon.com/egypt-en/30/Z61CAEC2DB460C3B8143BZ/p/?o=z61caec2db460c3b8143bz-1,125.00,شانه,30ml  |  EGP 123.22/fl oz
noon,Grocery,oils,زيت سمسم ١٢٥ مللي,https://www.noon.com/egypt-en/product/Z68EE7EE7DF88FBE68FEDZ/p/?o=z68ee7ee7df88fbe68fedz-1,125.00,صن جاردن,125ml  |  EGP 100.00/100ml
noon,Grocery,oils,زيت السمسم البكر 250 مل,https://www.noon.com/egypt-en/250/ZDF9650563A70D0964FD7Z/p/?o=zdf9650563a70d0964fd7z-1,241.50,امتنان,250ml  |  EGP 96.60/100ml
noon,Grocery,oils,Natural Coconut Oil 500 ml,https://www.noon.com/egypt-en/natural-coconut-oil-500-ml/Z43F3A6C09AE2CEFBA4F5Z/p/?o=fafeb0621aad36fb,198.00,Elhawag,500ml  |  EGP 39.60/100ml
noon,Grocery,oils,Extra Virgin Olive Oil 500 ML,https://www.noon.com/egypt-en/extra-virgin-olive-oil-500-ml/Z92336ADD9E7E02E22D1BZ/p/?o=ccbd30395590407e,410.00,Basso,500ml  |  EGP 82.00/100ml
noon,Grocery,oils,زيت سمسم250 مللي,https://www.noon.com/egypt-en/250/ZAC7BE36F914DD82DCF29Z/p/?o=zac7be36f914dd82dcf29z-1,235.00,صن جاردن,250ml  |  EGP 94.00/100ml
noon,Grocery,oils,خليط زيت السمسم 250 مل,https://www.noon.com/egypt-en/250/Z90777D7F7B1983B706FAZ/p/?o=z90777d7f7b1983b706faz-1,155.00,جاردينيا,250ml  |  EGP 62.00/100ml
noon,Grocery,oils,Extra Virgin Olive Oil 1 Litre,https://www.noon.com/egypt-en/extra-virgin-olive-oil-1-litre/ZCA607809AF6CCF86E40CZ/p/?o=d0f8198c3e24406a,790.00,Basso,
noon,Grocery,oils,زيت زيتون 1لتر,https://www.noon.com/egypt-en/1/Z44208BB0914CF0634316Z/p/?o=z44208bb0914cf0634316z-1,692.00,جاردينيا,1000ml  |  EGP 69.20/100ml
noon,Grocery,oils,خل أحمر طبيعي - 900 مللي - كرتونه,https://www.noon.com/egypt-en/900/Z0393251C290B46A2E3EAZ/p/?o=z0393251c290b46a2e3eaz-1,330.00,نجمة الزيتون,900ml  |  EGP 36.67/100ml
noon,Grocery,oils,مجموعة خل التفاح العضوي 100% كاليفورنيا إيغمونت | خل التفاح الطبيعي 100% | خام،ونقى وغير مفلتر مع الأم | ACV |عبوة من 2قطع| طاقة أكبر، بشرة أكثر نقاءً و (30%خصم),https://www.noon.com/egypt-en/100-100-acv-2-30/Z1DCA5F9CCE8DA9B789A7Z/p/?o=z1dca5f9cce8da9b789a7z-1,325.00,كاليفورنيا إيغمونت,1.892L  |  EGP 17.18/100ml
noon,Grocery,oils,مجموعة خل التفاح العضوي - عبوة من ثلاث قطع * 946 مل,https://www.noon.com/egypt-en/946/Z776FB83DD019303C50AAZ/p/?o=z776fb83dd019303c50aaz-1,425.00,كاليفورنيا إيغمونت,9L  |  EGP 4.72/100ml
noon,Grocery,oils,Virgin Olive Oil 250ml,https://www.noon.com/egypt-en/virgin-olive-oil-250ml/N29595406A/p/?o=c4d9d209840cd1ca,270.00,Wadi Food,250ml  |  EGP 108.00/100ml
noon,Grocery,oils,Natural Coconut Oil 400ml,https://www.noon.com/egypt-en/natural-coconut-oil-400ml/Z682BA04F99612324F661Z/p/?o=a2af32f9101ce64d,223.00,Elhawag,400ml  |  EGP 55.75/100ml
noon,Grocery,oils,Virgin Olive Oil 500ml,https://www.noon.com/egypt-en/virgin-olive-oil-500ml/N29762548A/p/?o=fda02ac007cdc06e,475.00,Wadi Food,500ml  |  EGP 95.00/100ml
noon,Grocery,oils,Natural  Coconut Oil 400ml,https://www.noon.com/egypt-en/natural-coconut-oil-400ml/Z0F218CB9588386C508F3Z/p/?o=bff8aa8514b1545c,223.00,Elhawag,400ml  |  EGP 55.75/100ml
noon,Grocery,oils,Coconut Oil Natural 500ml,https://www.noon.com/egypt-en/coconut-oil-natural-500ml/Z3ED33D4B4D93D8492FCFZ/p/?o=a7832b0c52c469cb,198.00,Elhawag,500ml  |  EGP 39.60/100ml
noon,Grocery,oils,Virgin Coconut Oil - 100% Pure & Cold Pressed - 350ml - ORIANZ,https://www.noon.com/egypt-en/virgin-coconut-oil-100-pure-cold-pressed-350ml-orianz/Z7267365DD73D53BB1B87Z/p/?o=e0f2b18c06cdfa4a,399.00,ORIANZ,350ml  |  EGP 114.00/100ml
noon,Grocery,oils,Apple Vinegar 0.5Liters,https://www.noon.com/egypt-en/apple-vinegar-0-5liters/N29595423A/p/?o=c517e5d554366d3e,94.00,Wadi Food,500ml  |  EGP 18.80/100ml
noon,Grocery,oils,Extra Virgin Olive Oil 250 ML,https://www.noon.com/egypt-en/extra-virgin-olive-oil-250-ml/Z22EFDD52D2D7A3B0FFDAZ/p/?o=daa6732126a4857b,260.00,Basso,250ml  |  EGP 104.00/100ml
noon,Grocery,oils,زيت زيتون تونسي بكر ممتاز 1000مل صفيح,https://www.noon.com/egypt-en/1000/Z30C10A33AD9179043B62Z/p/?o=z30c10a33ad9179043b62z-1,789.00,مارفل,1000ml  |  EGP 78.90/100ml
noon,Grocery,oils,Sunflower Oil 2.2Liters,https://www.noon.com/egypt-en/sunflower-oil-2-2liters/N30522053A/p/?o=fe5eb57cab2db6ca,270.00,Rehana,2.35L  |  EGP 114.89/L
noon,Grocery,oils,Frying And Cooking Mixed Oil 700ml,https://www.noon.com/egypt-en/frying-and-cooking-mixed-oil-700ml/N52406597A/p/?o=db5b4c2a957a700c,64.00,Haboba,700ml  |  EGP 9.14/100ml
noon,Grocery,oils,برميير زيت زيتون  بكر ممتاز 165 مل,https://www.noon.com/egypt-en/165/ZC4101882EB519C18605DZ/p/?o=zc4101882eb519c18605dz-1,129.00,أوليف أويل,165ml  |  EGP 78.18/100ml
noon,Grocery,oils,"Premium Virgin Olive Oil – Cold Pressed, Natural, Healthy Cooking Oil, 1L Bottle",https://www.noon.com/egypt-en/premium-virgin-olive-oil-cold-pressed-natural-healthy-cooking-oil-1l-bottle/Z87663309A06707FE67FEZ/p/?o=z87663309a06707fe67fez-1,499.99,Areeq,1000ml  |  EGP 50.00/100ml
noon,Grocery,oils,زيت فول سودانى 30 مل,https://www.noon.com/egypt-en/30/Z337B7A0A76EC88CBE058Z/p/?o=z337b7a0a76ec88cbe058z-1,80.00,شانه,30ml  |  EGP 266.67/100ml
noon,Grocery,oils,Balsamic Grape Vinegar 250ml,https://www.noon.com/egypt-en/balsamic-grape-vinegar-250ml/N29595407A/p/?o=a3a1e0e82649fdca,107.00,Wadi Food,250ml  |  EGP 42.80/100ml
noon,Grocery,oils,Apple Cider Vinegar 250ml,https://www.noon.com/egypt-en/apple-cider-vinegar-250ml/N29762540A/p/?o=ad70205f8fb02f9c,74.00,Wadi Food,250ml  |  EGP 29.60/100ml
noon,Grocery,oils,زيت زيتون اكسترا فيرجين من هيربيستك 250 مل,https://www.noon.com/egypt-en/250/ZCEA6DD262B7395AD7DADZ/p/?o=zcea6dd262b7395ad7dadz-1,250.00,هيربيستيس,250ml  |  EGP 100.00/100ml
noon,Grocery,oils,زيت السمسم 150 مل,https://www.noon.com/egypt-en/150/ZE3B9645AB5E0EEC4EC55Z/p/?o=ze3b9645ab5e0eec4ec55z-1,140.00,شانه بيت الطبيعة,150ml  |  EGP 93.33/100ml
noon,Grocery,oils,"Bragg Organic Apple Cider Vinegar with the mother - Organic apple cider vinegar with vinegar nut, raw and unfiltered - 473 ml",https://www.noon.com/egypt-en/bragg-organic-apple-cider-vinegar-with-the-mother-organic-apple-cider-vinegar-with-vinegar-nut-raw-and-unfiltered-473-ml/Z30C99B44CE8F91AC0112Z/p/?o=f3bac140e1580dcc,750.00,Bragg,
noon,Grocery,oils,خل أبيض طبيعي - 10 لتر,https://www.noon.com/egypt-en/10/ZD5E61F21C669D287A032Z/p/?o=zd5e61f21c669d287a032z-1,150.00,نجمة الزيتون,10L  |  EGP 1.50/100ml
noon,Grocery,oils,"Dr. Foods Virgin Coconut Oil, Cold-Pressed, 200ml, For Cooking and Personal Care",https://www.noon.com/egypt-en/dr-foods-virgin-coconut-oil-cold-pressed-200ml-for-cooking-and-personal-care/ZC8527385ABD1D08A9102Z/p/?o=zc8527385abd1d08a9102z-1,245.00,Dr. Foods,200ml  |  EGP 122.50/100ml
noon,Grocery,oils,Dr. Foods Turbid Organic Apple Cider Vinegar – 250ml | Raw & Unfiltered | With the Mother,https://www.noon.com/egypt-en/dr-foods-turbid-organic-apple-cider-vinegar-250ml-raw-unfiltered-with-the-mother/ZEDE156C54B07B5312B9BZ/p/?o=zede156c54b07b5312b9bz-1,180.00,Dr. Foods,250ml  |  EGP 72.00/100ml
noon,Grocery,oils,Olive Oil cold obtaned 500 ML,https://www.noon.com/egypt-en/olive-oil-cold-obtaned-500-ml/ZEC1B7E29CA5EB2AAFF6CZ/p/?o=zec1b7e29ca5eb2aaff6cz-1,245.00,Deli,500ml  |  EGP 49.00/100ml
noon,Grocery,oils,Sokradorf Virgin Olive Oil 250ml  Rich Natural Flavor High Quality Food Grade Bottle,https://www.noon.com/egypt-en/sokradorf-virgin-olive-oil-250ml-rich-natural-flavor-high-quality-food-grade-bottle/Z408AE587A89A54BA9A70Z/p/?o=d7d1c5f66560930b,250.00,sokradorf,250ml  |  EGP 100.00/100ml
noon,Grocery,oils,"Apple Cider Vinegar 473ml - Organic, unfiltered, with the mothers + Free pack of rice cake",https://www.noon.com/egypt-en/apple-cider-vinegar-473ml-organic-unfiltered-with-the-mothers-free-pack-of-rice-cake/ZE87C4A18481AF768650AZ/p/?o=a2f041f0e49b1cea,630.00,Bragg,473ml  |  EGP 133.19/100ml
noon,Grocery,oils,hot oil 210 ml,https://www.noon.com/egypt-en/hot-oil-210-ml/ZFAE47899427B98C5B9A5Z/p/?o=zfae47899427b98c5b9a5z-1,65.00,Saegh,210ml  |  EGP 30.95/100ml
noon,Grocery,oils,Virgin Olive Oil - 500 ml,https://www.noon.com/egypt-en/virgin-olive-oil-500-ml/Z96C3ED25C3C0534DEDDEZ/p/?o=z96c3ed25c3c0534deddez-1,499.00,Generic,500ml  |  EGP 99.80/100ml
noon,Grocery,oils,Virgin Olive Oil - 1 liter,https://www.noon.com/egypt-en/virgin-olive-oil-1-liter/Z32274F30DB1C96B8FBFCZ/p/?o=z32274f30db1c96b8fbfcz-1,999.00,Generic,1000ml  |  EGP 99.90/100ml
noon,Grocery,oils,زيت الكرفس والطبيعي  الحواج 500 ملى,https://www.noon.com/egypt-en/500/Z3694AAD47BE069FFAAF9Z/p/?o=z3694aad47be069ffaaf9z-1,370.00,الحواج,500ml  |  EGP 74.00/100ml
noon,Grocery,oils,خل تفاح اورجانيك خام من دى نيجريس، 500 مل,https://www.noon.com/egypt-en/500/ZC3CEA5E6E34A61F50D24Z/p/?o=zc3cea5e6e34a61f50d24z-1,599.00,دي نيجريس,500ml  |  EGP 119.80/100ml
noon,Grocery,oils,زيت جوز الهندالطبيعي بنسبه 100%500مل,https://www.noon.com/egypt-en/100-500/ZBEBB0596586B86446D66Z/p/?o=dca0f956bff45fec,432.00,باراشوت,200ml
noon,Grocery,oils,Organic Apple cider vinegar 295ml with the mothers,https://www.noon.com/egypt-en/organic-apple-cider-vinegar-295ml-with-the-mothers/Z59C8C0ECFFE69B8BD0DFZ/p/?o=de19ad35488c82ea,445.00,Bragg,295ml  |  EGP 150.85/100ml
noon,Grocery,oils,زيت دوار الشمس كريستال – 5 لتر,https://www.noon.com/egypt-en/5/ZE17FABE0A422F9FC4E20Z/p/?o=ffb395c06b8e3d6b,785.00,كريستال,5000ml  |  EGP 157.00/L
noon,Grocery,oils,زيت عباد الشمس كريستال – 1.6 لتر,https://www.noon.com/egypt-en/1-6/Z93767C5B647924A2E85AZ/p/?o=ee19615dd01f804d,290.00,كريستال,1600ml  |  EGP 181.25/L
noon,Grocery,oils,زيت عباد الشمس كريستال – 2.2 لتر,https://www.noon.com/egypt-en/2-2/Z73CCFC1D8FF5A9951192Z/p/?o=a2cfcaf9ab21592e,380.00,كريستال,2200ml  |  EGP 172.73/L
noon,Grocery,oils,La Pedriza Extra Virgin Olive Oil 500 ml,https://www.noon.com/egypt-en/la-pedriza-extra-virgin-olive-oil-500-ml/ZD26600614BD96A0F9E13Z/p/?o=b0d007a9ec550d4d,569.90,La Pedriza,500ml  |  EGP 113.98/100ml
noon,Grocery,oils,زيت جوز الهند النقى 450مل,https://www.noon.com/egypt-en/450/Z9FEA75486D4C5F92A2CBZ/p/?o=f1e3056a8cfad2cb,570.00,باراشوت,200ml
noon,Grocery,oils,"Pure C8 MCT Oil | Boosts Ketones 4X Versus Other MCTs | Highest 99%+ Purity | 100% Coconut | Keto Diet, Fasting, Vegan Safe & Gluten Free | Premium Lab Tested Purity | Caprylic Acid | 500ml",https://www.noon.com/egypt-en/pure-c8-mct-oil-boosts-ketones-4x-versus-other-mcts-highest-99-purity-100-coconut-keto-diet-fasting-vegan-safe-gluten-free-premium-lab-tested-purity-caprylic-acid-500ml/Z905ADE7733666AED7065Z/p/?o=a781e25fd1fe3e8a,4399.00,Ketosource,30ml  |  EGP 9.14/ml
noon,Grocery,oils,3 صلصة رانا الحارة 100 مل. علامة "رانا" التجارية معروفة. تتميز هذه الصلصة الحارة بمذاقها اللذيذ والحار...,https://www.noon.com/egypt-en/3-100/ZB5518598784DCF146CD1Z/p/?o=f4f65a4b1104b88e,360.00,رنا,300ml  |  EGP 120.00/100ml
noon,Grocery,oils,"Organic Apple Vinegar Natural – 100% Pure & Healthy – Multi-Purpose 500ml Bottle for Cooking, Salad Dressing, Digestion Support, Immunity Boost & Household Cleaning",https://www.noon.com/egypt-en/organic-apple-vinegar-natural-100-pure-healthy-multi-purpose-500ml-bottle-for-cooking-salad-dressing-digestion-support-immunity-boost-household-cleaning/ZA37502C359A7A25DBE5EZ/p/?o=za37502c359a7a25dbe5ez-1,85.00,Areeq,500ml  |  EGP 17.00/100ml
noon,Grocery,oils,"Pure and natural cold-pressed parsley oil, Al-Hawaj, Al-Hawaj, Al-Hawaj, raw, concentrated, ideal for hair and skin (1 pack 500 ml) Al-Hawaj parsley oil",https://www.noon.com/egypt-en/pure-and-natural-cold-pressed-parsley-oil-al-hawaj-al-hawaj-al-hawaj-raw-concentrated-ideal-for-hair-and-skin-1-pack-500-ml-al-hawaj-parsley-oil/Z84B3FA3740B44AF0AF85Z/p/?o=z84b3fa3740b44af0af85z-1,365.00,Elhawag,500ml  |  EGP 73.00/100ml
noon,Grocery,oils,"Dr. Foods Extra Virgin Olive Oil, Cold Pressed, 1L, Glass Bottle",https://www.noon.com/egypt-en/dr-foods-extra-virgin-olive-oil-cold-pressed-1l-glass-bottle/ZEE5ED5F7CF4FFF2242C1Z/p/?o=zee5ed5f7cf4fff2242c1z-1,720.00,Dr. Foods,1000ml  |  EGP 72.00/100ml
noon,Grocery,oils,Dr. Foods Extra Virgin Olive Oil – 500ml | Cold-Pressed | Premium Quality,https://www.noon.com/egypt-en/dr-foods-extra-virgin-olive-oil-500ml-cold-pressed-premium-quality/Z6A8A5B21E09E5E263223Z/p/?o=z6a8a5b21e09e5e263223z-1,365.00,Dr. Foods,500ml  |  EGP 73.00/100ml
noon,Grocery,oils,"Garden of Life Coconut Oil for Hair, Skin, Cooking - Raw Extra Virgin Organic Coconut Oil, 27 Servings - Pure Unrefined Cold Pressed Oil with MCTs for Body Care or Baking, Aceite de Coco Organico",https://www.noon.com/egypt-en/garden-of-life-coconut-oil-for-hair-skin-cooking-raw-extra-virgin-organic-coconut-oil-27-servings-pure-unrefined-cold-pressed-oil-with-mcts-for-body-care-or-baking-aceite-de-coco-organico/Z8E33C0AFA64675BED382Z/p/?o=bfc0cb65df19ebfe,3655.00,Garden of Life,400g  |  EGP 56.25/100g
noon,Grocery,oils,alhawag vatural garlic oil - 500 milliliters,https://www.noon.com/egypt-en/alhawag-vatural-garlic-oil-500-milliliters/Z3FE0A2EC1415552E9102Z/p/?o=z3fe0a2ec1415552e9102z-1,368.00,Al Hawag,500ml  |  EGP 73.60/100ml
noon,Grocery,oils,"Betterbody Foods Organic Virgin Coconut Oil, 458 ml",https://www.noon.com/egypt-en/betterbody-foods-organic-virgin-coconut-oil-458-ml/ZEB494D78E6CBD8D79956Z/p/?o=e80ab2ec42f0f3bc,3409.00,BetterBody Foods,458ml  |  EGP 744.32/100ml
noon,Grocery,oils,Al-Hawag olive oil - 500 ml,https://www.noon.com/egypt-en/al-hawag-olive-oil-500-ml/Z47A1AB39F0799FE2EDB8Z/p/?o=z47a1ab39f0799fe2edb8z-1,310.00,Elhawag,500ml  |  EGP 62.00/100ml
noon,Grocery,oils,onion oil alhawaj 500 ml,https://www.noon.com/egypt-en/onion-oil-alhawaj-500-ml/Z405CA0AA27146BF48A50Z/p/?o=z405ca0aa27146bf48a50z-1,460.00,Elhawag,500ml  |  EGP 92.00/100ml
noon,Grocery,oils,"Betterbody Foods Organic Naturally Refined Coconut Oil With Neutral Flavor And Aroma, 458 ml",https://www.noon.com/egypt-en/betterbody-foods-organic-naturally-refined-coconut-oil-with-neutral-flavor-and-aroma-458-ml/Z2743003A1FF3C8A3FD5AZ/p/?o=d4b536463def4d2b,3874.00,BetterBody Foods,458ml  |  EGP 845.85/100ml
noon,Grocery,oils,Heinz Distilled White Vinegar - 16 oz,https://www.noon.com/egypt-en/heinz-distilled-white-vinegar-16-oz/ZE6DE1E676AD589584DECZ/p/?o=b35477c60024922a,706.00,Heinz,16oz  |  EGP 44.12/oz
noon,Grocery,oils,Purity - Extra Virgin Olive Oil 500 ML,https://www.noon.com/egypt-en/purity-extra-virgin-olive-oil-500-ml/Z82367737E53D7E27C7A7Z/p/?o=z82367737e53d7e27c7a7z-1,500.00,Purity,500ml  |  EGP 100.00/100ml
noon,Grocery,oils,Purity - Extra Virgin Olive Oil 250 ML,https://www.noon.com/egypt-en/purity-extra-virgin-olive-oil-250-ml/ZD164B55311092F930F58Z/p/?o=zd164b55311092f930f58z-1,300.00,Purity,250ml  |  EGP 120.00/100ml
noon,Grocery,oils,"Organic Coconut Oil - Unrefined and Cold-Pressed, Natural Hair Oil, Skin Oil and Cooking Oil with Fresh Flavor, Non-GMO Extra Virgin Coconut Oil (Aceite de Coco), USDA Organic,",https://www.noon.com/egypt-en/organic-coconut-oil-unrefined-and-cold-pressed-natural-hair-oil-skin-oil-and-cooking-oil-with-fresh-flavor-non-gmo-extra-virgin-coconut-oil-aceite-de-coco-usda-organic/Z9D3CAA594A87A3420C77Z/p/?o=a64969f8ca0ff69d,6745.00,Viva Naturals,250ml  |  EGP 116.00/100ml
noon,Grocery,oils,"Sports Research Organic MCT Oil derived from Non-GMO Organic Coconuts | Great in Keto Coffee, Tea, Smoothies & Salad Dressings | Non-GMO Project Verified & Vegan Certified - Unflavored (32oz)",https://www.noon.com/egypt-en/sports-research-organic-mct-oil-derived-from-non-gmo-organic-coconuts-great-in-keto-coffee-tea-smoothies-salad-dressings-non-gmo-project-verified-vegan-certified-unflavored-32oz/ZACFBC6E0C98D1DF549A4Z/p/?o=e99b3d0a6001cc1e,6999.00,SPORTS RESEARCH,32oz  |  EGP 771.51/100g
noon,Grocery,oils,Olio Luglio - Extra Virgin Olive Oil | Cold Pressed (1 Litre),https://www.noon.com/egypt-en/olio-luglio-extra-virgin-olive-oil-cold-pressed-1-litre/ZA01C372C613A57B095E4Z/p/?o=be6ea85e0a9e89ba,3000.00,Olio,1000ml  |  EGP 3.00/100ml
noon,Grocery,oils,Purity - Extra Virgin Olive Oil 1 Liter,https://www.noon.com/egypt-en/purity-extra-virgin-olive-oil-1-liter/ZD428352BE70199304040Z/p/?o=zd428352be70199304040z-1,900.00,Purity,1000ml  |  EGP 90.00/100ml
noon,Grocery,oils,Sokradorf Virgin Olive Oil 250ml  Rich Natural Flavor High Quality Food Grade Bottle,https://www.noon.com/egypt-en/sokradorf-virgin-olive-oil-250ml-rich-natural-flavor-high-quality-food-grade-bottle/Z408AE587A89A54BA9A70Z/p/?o=d7d1c5f66560930b,250.00,sokradorf,250ml  |  EGP 100.00/100ml
noon,Grocery,oils,"Apple Cider Vinegar 473ml - Organic, unfiltered, with the mothers + Free pack of rice cake",https://www.noon.com/egypt-en/apple-cider-vinegar-473ml-organic-unfiltered-with-the-mothers-free-pack-of-rice-cake/ZE87C4A18481AF768650AZ/p/?o=a2f041f0e49b1cea,630.00,Bragg,473ml  |  EGP 133.19/100ml
noon,Grocery,oils,hot oil 210 ml,https://www.noon.com/egypt-en/hot-oil-210-ml/ZFAE47899427B98C5B9A5Z/p/?o=zfae47899427b98c5b9a5z-1,65.00,Saegh,210ml  |  EGP 30.95/100ml
